tick_idx,tick_ts,gt_label,vad_active,rgb,a30,a50,a70,eL,lx,ly,eR,rx,ry,eT,tx,ty,eO,ox,oy
0,1781507015204557568,Teleoperator,1,000_rgb.jpg,000_a30.jpg,000_a50.jpg,000_a70.jpg,0.000,303,387,0.000,677,405,0.376,530,836,0.000,0,0
1,1781507015454557568,Teleoperator,1,001_rgb.jpg,001_a30.jpg,001_a50.jpg,001_a70.jpg,0.000,304,388,0.000,678,399,0.345,530,833,0.000,0,0
2,1781507015704557568,Teleoperator,1,002_rgb.jpg,002_a30.jpg,002_a50.jpg,002_a70.jpg,0.000,304,390,0.000,678,399,0.408,531,834,0.000,0,0
3,1781507015954557568,Teleoperator,1,003_rgb.jpg,003_a30.jpg,003_a50.jpg,003_a70.jpg,0.000,306,392,0.000,677,398,0.447,531,834,0.000,0,0
4,1781507016204557568,Teleoperator,1,004_rgb.jpg,004_a30.jpg,004_a50.jpg,004_a70.jpg,0.000,305,389,0.000,678,399,0.471,530,843,0.000,0,0
5,1781507016454557568,Right,1,005_rgb.jpg,005_a30.jpg,005_a50.jpg,005_a70.jpg,0.000,302,388,0.882,732,427,0.000,377,645,0.200,750,332
6,1781507016704557568,Right,1,006_rgb.jpg,006_a30.jpg,006_a50.jpg,006_a70.jpg,0.000,305,387,0.918,750,409,0.059,531,827,0.310,817,329
7,1781507016954557568,Right,1,007_rgb.jpg,007_a30.jpg,007_a50.jpg,007_a70.jpg,0.004,326,422,0.910,731,434,0.000,377,645,0.216,747,349
8,1781507017204557568,Right,0,008_rgb.jpg,008_a30.jpg,008_a50.jpg,008_a70.jpg,0.000,316,388,0.882,716,439,0.000,377,645,0.176,740,351
9,1781507017454557568,Right,1,009_rgb.jpg,009_a30.jpg,009_a50.jpg,009_a70.jpg,0.000,319,387,0.867,714,437,0.000,377,645,0.149,744,346
10,1781507017704557568,Teleoperator,1,010_rgb.jpg,010_a30.jpg,010_a50.jpg,010_a70.jpg,0.000,317,387,0.000,661,382,0.345,536,838,0.000,0,0
11,1781507017954557568,Teleoperator,1,011_rgb.jpg,011_a30.jpg,011_a50.jpg,011_a70.jpg,0.000,315,384,0.000,672,386,0.341,531,837,0.000,0,0
12,1781507018204557568,Teleoperator,1,012_rgb.jpg,012_a30.jpg,012_a50.jpg,012_a70.jpg,0.000,315,385,0.000,673,389,0.337,530,840,0.000,0,0
13,1781507018454557568,Teleoperator,1,013_rgb.jpg,013_a30.jpg,013_a50.jpg,013_a70.jpg,0.004,304,389,0.000,661,382,0.341,529,837,0.004,531,104
14,1781507018704557568,Others,0,014_rgb.jpg,014_a30.jpg,014_a50.jpg,014_a70.jpg,0.173,300,465,0.000,671,390,0.000,592,645,0.220,520,97
15,1781507018954557568,Left,0,015_rgb.jpg,015_a30.jpg,015_a50.jpg,015_a70.jpg,0.612,368,458,0.047,767,467,0.000,377,645,0.220,531,109
16,1781507019204557568,Left,0,016_rgb.jpg,016_a30.jpg,016_a50.jpg,016_a70.jpg,0.788,353,437,0.000,661,402,0.000,377,645,0.039,361,329
17,1781507019454557568,Left,0,017_rgb.jpg,017_a30.jpg,017_a50.jpg,017_a70.jpg,0.878,345,431,0.000,652,402,0.000,377,645,0.102,326,351
18,1781507019704557568,Left,0,018_rgb.jpg,018_a30.jpg,018_a50.jpg,018_a70.jpg,0.925,339,440,0.000,668,409,0.000,433,645,0.247,321,359
19,1781507019954557568,Left,0,019_rgb.jpg,019_a30.jpg,019_a50.jpg,019_a70.jpg,0.937,335,442,0.000,666,408,0.000,465,645,0.318,312,361
20,1781507020204557568,Left,0,020_rgb.jpg,020_a30.jpg,020_a50.jpg,020_a70.jpg,0.541,327,481,0.004,743,408,0.000,552,645,0.471,308,477
21,1781507020454557568,Left,0,021_rgb.jpg,021_a30.jpg,021_a50.jpg,021_a70.jpg,0.729,317,452,0.000,678,413,0.000,508,645,0.635,266,435
22,1781507020704557568,Others,0,022_rgb.jpg,022_a30.jpg,022_a50.jpg,022_a70.jpg,0.624,321,448,0.004,784,425,0.000,514,645,0.702,533,108
23,1781507020954557568,Left,0,023_rgb.jpg,023_a30.jpg,023_a50.jpg,023_a70.jpg,0.694,319,446,0.016,804,470,0.000,491,645,0.663,260,431
24,1781507021204557568,Right,0,024_rgb.jpg,024_a30.jpg,024_a50.jpg,024_a70.jpg,0.016,319,445,0.867,729,468,0.000,377,645,0.122,729,378
25,1781507021454557568,Right,0,025_rgb.jpg,025_a30.jpg,025_a50.jpg,025_a70.jpg,0.000,305,387,0.863,712,463,0.000,377,645,0.086,720,383
26,1781507021704557568,Right,0,026_rgb.jpg,026_a30.jpg,026_a50.jpg,026_a70.jpg,0.000,304,387,0.863,716,465,0.000,377,645,0.086,723,387
27,1781507021954557568,Right,0,027_rgb.jpg,027_a30.jpg,027_a50.jpg,027_a70.jpg,0.000,304,389,0.906,732,439,0.000,377,645,0.200,746,356
28,1781507022204557568,Right,0,028_rgb.jpg,028_a30.jpg,028_a50.jpg,028_a70.jpg,0.000,305,390,0.875,732,439,0.000,377,645,0.157,749,353
29,1781507022454557568,Right,0,029_rgb.jpg,029_a30.jpg,029_a50.jpg,029_a70.jpg,0.000,303,389,0.871,732,445,0.000,377,645,0.114,745,364
30,1781507022704557568,Right,0,030_rgb.jpg,030_a30.jpg,030_a50.jpg,030_a70.jpg,0.000,306,393,0.867,749,434,0.000,377,645,0.133,748,352
31,1781507022954557568,Right,0,031_rgb.jpg,031_a30.jpg,031_a50.jpg,031_a70.jpg,0.000,307,395,0.855,749,427,0.000,377,645,0.114,749,342
32,1781507023204557568,Right,0,032_rgb.jpg,032_a30.jpg,032_a50.jpg,032_a70.jpg,0.000,306,394,0.867,732,432,0.000,377,645,0.122,750,342
33,1781507023454557568,Right,0,033_rgb.jpg,033_a30.jpg,033_a50.jpg,033_a70.jpg,0.000,304,392,0.902,733,434,0.000,377,645,0.188,746,350
34,1781507023704557568,Left,0,034_rgb.jpg,034_a30.jpg,034_a50.jpg,034_a70.jpg,0.765,361,440,0.071,766,430,0.000,382,645,0.043,362,311
35,1781507023954557568,Left,0,035_rgb.jpg,035_a30.jpg,035_a50.jpg,035_a70.jpg,0.906,337,454,0.000,683,401,0.000,470,645,0.216,309,384
36,1781507024204557568,Teleoperator,1,036_rgb.jpg,036_a30.jpg,036_a50.jpg,036_a70.jpg,0.031,322,466,0.000,684,415,0.353,530,838,0.024,301,436
37,1781507024454557568,Teleoperator,1,037_rgb.jpg,037_a30.jpg,037_a50.jpg,037_a70.jpg,0.000,306,394,0.000,680,415,0.380,532,837,0.000,0,0
38,1781507024704557568,Left,1,038_rgb.jpg,038_a30.jpg,038_a50.jpg,038_a70.jpg,0.812,363,456,0.000,680,415,0.325,392,707,0.122,379,250
39,1781507024954557568,Teleoperator,1,039_rgb.jpg,039_a30.jpg,039_a50.jpg,039_a70.jpg,0.004,308,394,0.000,678,413,0.361,531,835,0.004,239,383
40,1781507025204557568,Teleoperator,1,040_rgb.jpg,040_a30.jpg,040_a50.jpg,040_a70.jpg,0.000,307,393,0.000,681,414,0.345,532,835,0.000,0,0
41,1781507025454557568,Teleoperator,1,041_rgb.jpg,041_a30.jpg,041_a50.jpg,041_a70.jpg,0.008,303,419,0.000,682,415,0.337,531,831,0.004,531,103
42,1781507025704557568,Teleoperator,1,042_rgb.jpg,042_a30.jpg,042_a50.jpg,042_a70.jpg,0.004,303,431,0.000,682,415,0.349,530,833,0.000,0,0
43,1781507025954557568,Teleoperator,1,043_rgb.jpg,043_a30.jpg,043_a50.jpg,043_a70.jpg,0.000,304,394,0.000,681,413,0.369,531,834,0.000,0,0
44,1781507026204557568,Others,0,044_rgb.jpg,044_a30.jpg,044_a50.jpg,044_a70.jpg,0.086,310,444,0.000,679,413,0.000,604,645,0.129,519,95
45,1781507026454557568,Others,0,045_rgb.jpg,045_a30.jpg,045_a50.jpg,045_a70.jpg,0.412,297,435,0.004,803,467,0.000,528,645,0.424,527,100
46,1781507026704557568,Teleoperator,1,046_rgb.jpg,046_a30.jpg,046_a50.jpg,046_a70.jpg,0.000,300,391,0.000,679,414,0.349,530,836,0.000,0,0
47,1781507026954557568,Teleoperator,1,047_rgb.jpg,047_a30.jpg,047_a50.jpg,047_a70.jpg,0.000,300,390,0.000,681,415,1.000,481,645,0.090,483,517
48,1781507027204557568,Teleoperator,1,048_rgb.jpg,048_a30.jpg,048_a50.jpg,048_a70.jpg,0.000,297,387,0.000,680,413,1.000,430,645,0.455,489,523
49,1781507027454557568,Teleoperator,1,049_rgb.jpg,049_a30.jpg,049_a50.jpg,049_a70.jpg,0.000,296,384,0.000,679,413,0.612,513,650,0.024,510,515
50,1781507027704557568,Teleoperator,1,050_rgb.jpg,050_a30.jpg,050_a50.jpg,050_a70.jpg,0.000,296,384,0.000,678,397,0.106,531,845,0.000,0,0
51,1781507027954557568,Teleoperator,1,051_rgb.jpg,051_a30.jpg,051_a50.jpg,051_a70.jpg,0.000,296,384,0.000,676,391,1.000,532,818,0.004,524,96
52,1781507028204557568,Teleoperator,1,052_rgb.jpg,052_a30.jpg,052_a50.jpg,052_a70.jpg,0.000,296,384,0.000,673,388,1.000,532,818,0.000,0,0
53,1781507028454557568,Teleoperator,1,053_rgb.jpg,053_a30.jpg,053_a50.jpg,053_a70.jpg,0.000,296,384,0.000,672,387,0.471,531,817,0.031,513,470
54,1781507028704557568,Teleoperator,1,054_rgb.jpg,054_a30.jpg,054_a50.jpg,054_a70.jpg,0.020,296,427,0.000,670,382,0.298,531,837,0.016,231,395
55,1781507028954557568,Left,0,055_rgb.jpg,055_a30.jpg,055_a50.jpg,055_a70.jpg,0.604,349,445,0.125,765,440,0.000,377,645,0.016,900,258
56,1781507029204557568,Left,0,056_rgb.jpg,056_a30.jpg,056_a50.jpg,056_a70.jpg,0.702,353,447,0.024,767,441,0.000,377,645,0.020,363,281
57,1781507029454557568,Left,0,057_rgb.jpg,057_a30.jpg,057_a50.jpg,057_a70.jpg,0.906,329,454,0.000,676,388,0.000,428,645,0.216,308,377
58,1781507029704557568,Left,0,058_rgb.jpg,058_a30.jpg,058_a50.jpg,058_a70.jpg,0.824,299,442,0.016,804,441,0.000,462,645,0.600,242,399
59,1781507029954557568,Left,0,059_rgb.jpg,059_a30.jpg,059_a50.jpg,059_a70.jpg,0.820,297,436,0.031,804,451,0.000,458,645,0.639,236,393
60,1781507030204557568,Others,0,060_rgb.jpg,060_a30.jpg,060_a50.jpg,060_a70.jpg,0.667,294,443,0.106,800,460,0.000,492,645,0.706,261,438
61,1781507030454557568,Others,0,061_rgb.jpg,061_a30.jpg,061_a50.jpg,061_a70.jpg,0.678,299,447,0.043,811,452,0.000,489,645,0.694,211,435
62,1781507030704557568,Others,0,062_rgb.jpg,062_a30.jpg,062_a50.jpg,062_a70.jpg,0.604,302,434,0.082,801,454,0.000,461,645,0.686,194,400
63,1781507030954557568,Right,0,063_rgb.jpg,063_a30.jpg,063_a50.jpg,063_a70.jpg,0.000,299,389,0.835,749,427,0.000,377,645,0.098,793,336
64,1781507031204557568,Right,0,064_rgb.jpg,064_a30.jpg,064_a50.jpg,064_a70.jpg,0.000,299,388,0.824,749,430,0.000,377,645,0.075,793,339
65,1781507031454557568,Left,0,065_rgb.jpg,065_a30.jpg,065_a50.jpg,065_a70.jpg,0.863,309,445,0.184,750,433,0.000,377,645,0.235,288,374
66,1781507031704557568,Left,0,066_rgb.jpg,066_a30.jpg,066_a50.jpg,066_a70.jpg,0.922,324,446,0.000,676,385,0.000,460,645,0.318,289,367
67,1781507031954557568,Left,1,067_rgb.jpg,067_a30.jpg,067_a50.jpg,067_a70.jpg,0.910,324,452,0.035,763,430,0.000,513,645,0.278,285,371
68,1781507032204557568,Right,1,068_rgb.jpg,068_a30.jpg,068_a50.jpg,068_a70.jpg,0.000,300,391,0.847,732,443,0.000,377,645,0.110,750,353
69,1781507032454557568,Teleoperator,1,069_rgb.jpg,069_a30.jpg,069_a50.jpg,069_a70.jpg,0.000,295,387,0.000,680,397,1.000,515,768,0.004,528,97
70,1781507032704557568,Teleoperator,1,070_rgb.jpg,070_a30.jpg,070_a50.jpg,070_a70.jpg,0.000,295,386,0.000,680,392,1.000,481,645,0.251,542,100
71,1781507032954557568,Teleoperator,1,071_rgb.jpg,071_a30.jpg,071_a50.jpg,071_a70.jpg,0.000,295,387,0.000,680,391,1.000,515,667,0.031,529,105
72,1781507033204557568,Right,1,072_rgb.jpg,072_a30.jpg,072_a50.jpg,072_a70.jpg,0.000,296,387,0.886,734,452,0.000,377,645,0.192,767,363
73,1781507033454557568,Right,1,073_rgb.jpg,073_a30.jpg,073_a50.jpg,073_a70.jpg,0.000,295,387,0.875,731,461,0.000,377,645,0.157,751,371
74,1781507033704557568,Right,0,074_rgb.jpg,074_a30.jpg,074_a50.jpg,074_a70.jpg,0.000,297,388,0.820,748,453,0.000,377,645,0.051,776,369
75,1781507033954557568,Right,0,075_rgb.jpg,075_a30.jpg,075_a50.jpg,075_a70.jpg,0.000,299,391,0.682,716,476,0.000,377,645,0.004,695,382
76,1781507034204557568,Right,0,076_rgb.jpg,076_a30.jpg,076_a50.jpg,076_a70.jpg,0.000,300,388,0.839,717,478,0.000,377,645,0.078,729,394
77,1781507034454557568,Right,0,077_rgb.jpg,077_a30.jpg,077_a50.jpg,077_a70.jpg,0.000,300,388,0.878,727,474,0.000,377,645,0.141,727,383
78,1781507034704557568,Left,0,078_rgb.jpg,078_a30.jpg,078_a50.jpg,078_a70.jpg,0.796,303,437,0.118,767,478,0.000,467,645,0.631,241,395
79,1781507034954557568,Right,0,079_rgb.jpg,079_a30.jpg,079_a50.jpg,079_a70.jpg,0.000,306,393,0.831,733,455,0.000,377,645,0.102,750,358
80,1781507035204557568,Right,0,080_rgb.jpg,080_a30.jpg,080_a50.jpg,080_a70.jpg,0.000,305,392,0.894,731,437,0.000,377,645,0.169,748,351
81,1781507035454557568,Left,0,081_rgb.jpg,081_a30.jpg,081_a50.jpg,081_a70.jpg,0.784,307,439,0.039,780,423,0.000,479,645,0.667,243,404
82,1781507035704557568,Teleoperator,1,082_rgb.jpg,082_a30.jpg,082_a50.jpg,082_a70.jpg,0.035,306,428,0.008,749,413,0.318,530,836,0.031,224,386
83,1781507035954557568,Teleoperator,1,083_rgb.jpg,083_a30.jpg,083_a50.jpg,083_a70.jpg,0.000,305,390,0.000,678,413,0.310,531,837,0.000,0,0
84,1781507036204557568,Teleoperator,1,084_rgb.jpg,084_a30.jpg,084_a50.jpg,084_a70.jpg,0.000,305,391,0.000,679,413,0.153,531,844,0.000,0,0
85,1781507036454557568,Teleoperator,1,085_rgb.jpg,085_a30.jpg,085_a50.jpg,085_a70.jpg,0.000,306,392,0.000,677,411,0.765,536,842,0.000,0,0
86,1781507036704557568,Teleoperator,1,086_rgb.jpg,086_a30.jpg,086_a50.jpg,086_a70.jpg,0.000,306,391,0.000,680,414,1.000,515,700,0.020,530,532
87,1781507036954557568,Teleoperator,1,087_rgb.jpg,087_a30.jpg,087_a50.jpg,087_a70.jpg,0.004,423,440,0.000,680,414,1.000,413,645,0.992,548,514
88,1781507037204557568,Teleoperator,1,088_rgb.jpg,088_a30.jpg,088_a50.jpg,088_a70.jpg,0.000,306,391,0.000,680,414,0.533,528,657,0.024,522,505
89,1781507037454557568,Teleoperator,1,089_rgb.jpg,089_a30.jpg,089_a50.jpg,089_a70.jpg,0.000,307,391,0.000,680,415,0.416,530,823,0.000,0,0
90,1781507037704557568,Teleoperator,1,090_rgb.jpg,090_a30.jpg,090_a50.jpg,090_a70.jpg,0.000,307,391,0.000,675,411,0.576,529,773,0.016,531,465
91,1781507037954557568,Teleoperator,1,091_rgb.jpg,091_a30.jpg,091_a50.jpg,091_a70.jpg,0.000,306,391,0.000,676,412,0.600,529,763,0.031,528,470
92,1781507038204557568,Teleoperator,1,092_rgb.jpg,092_a30.jpg,092_a50.jpg,092_a70.jpg,0.000,308,393,0.000,676,411,0.675,531,754,0.032,530,498
93,1781507038454557568,Teleoperator,1,093_rgb.jpg,093_a30.jpg,093_a50.jpg,093_a70.jpg,0.000,306,392,0.000,679,412,0.259,530,837,0.000,0,0
94,1781507038704557568,Teleoperator,1,094_rgb.jpg,094_a30.jpg,094_a50.jpg,094_a70.jpg,0.000,305,391,0.000,679,412,0.220,531,841,0.000,0,0
95,1781507038954557568,Teleoperator,1,095_rgb.jpg,095_a30.jpg,095_a50.jpg,095_a70.jpg,0.000,305,392,0.000,680,414,0.412,531,837,0.000,0,0
96,1781507039204557568,Teleoperator,1,096_rgb.jpg,096_a30.jpg,096_a50.jpg,096_a70.jpg,0.000,306,393,0.000,678,412,0.537,531,816,0.004,526,100
97,1781507039454557568,Teleoperator,1,097_rgb.jpg,097_a30.jpg,097_a50.jpg,097_a70.jpg,0.000,306,394,0.000,680,413,0.514,531,826,0.000,0,0
98,1781507039704557568,Teleoperator,1,098_rgb.jpg,098_a30.jpg,098_a50.jpg,098_a70.jpg,0.000,304,389,0.000,679,413,0.447,531,834,0.000,0,0
99,1781507039954557568,Teleoperator,1,099_rgb.jpg,099_a30.jpg,099_a50.jpg,099_a70.jpg,0.000,302,389,0.000,679,412,0.569,530,758,0.078,531,444
100,1781507040204557568,Teleoperator,1,100_rgb.jpg,100_a30.jpg,100_a50.jpg,100_a70.jpg,0.000,302,388,0.000,679,412,0.702,531,710,0.137,528,458
101,1781507040454557568,Teleoperator,1,101_rgb.jpg,101_a30.jpg,101_a50.jpg,101_a70.jpg,0.000,305,393,0.000,679,412,0.655,531,739,0.145,529,473
102,1781507040704557568,Teleoperator,1,102_rgb.jpg,102_a30.jpg,102_a50.jpg,102_a70.jpg,0.180,328,470,0.000,679,412,0.408,529,838,0.086,302,417
103,1781507040954557568,Teleoperator,1,103_rgb.jpg,103_a30.jpg,103_a50.jpg,103_a70.jpg,0.000,303,390,0.000,679,412,0.200,531,842,0.000,0,0
104,1781507041204557568,Teleoperator,1,104_rgb.jpg,104_a30.jpg,104_a50.jpg,104_a70.jpg,0.000,303,390,0.000,680,412,0.224,531,840,0.000,0,0
105,1781507041454557568,Teleoperator,1,105_rgb.jpg,105_a30.jpg,105_a50.jpg,105_a70.jpg,0.000,303,390,0.000,680,413,0.416,531,828,0.000,0,0
106,1781507041704557568,Teleoperator,1,106_rgb.jpg,106_a30.jpg,106_a50.jpg,106_a70.jpg,0.000,303,390,0.000,680,412,0.416,532,834,0.000,0,0
107,1781507041954557568,Teleoperator,1,107_rgb.jpg,107_a30.jpg,107_a50.jpg,107_a70.jpg,0.000,304,388,0.000,677,411,0.224,531,841,0.000,0,0
108,1781507042204557568,Teleoperator,1,108_rgb.jpg,108_a30.jpg,108_a50.jpg,108_a70.jpg,0.000,304,391,0.000,679,412,0.337,531,838,0.000,0,0
109,1781507042454557568,Teleoperator,1,109_rgb.jpg,109_a30.jpg,109_a50.jpg,109_a70.jpg,0.000,303,387,0.000,680,412,0.533,532,825,0.000,0,0
110,1781507042704557568,Teleoperator,1,110_rgb.jpg,110_a30.jpg,110_a50.jpg,110_a70.jpg,0.275,346,465,0.000,680,412,0.322,530,837,0.075,299,400
111,1781507042954557568,Left,0,111_rgb.jpg,111_a30.jpg,111_a50.jpg,111_a70.jpg,0.890,344,469,0.000,678,412,0.000,495,645,0.302,299,406
112,1781507043204557568,Right,0,112_rgb.jpg,112_a30.jpg,112_a50.jpg,112_a70.jpg,0.004,302,473,0.682,723,475,0.000,377,645,0.004,710,141
113,1781507043454557568,Right,0,113_rgb.jpg,113_a30.jpg,113_a50.jpg,113_a70.jpg,0.016,301,442,0.867,733,460,0.000,382,645,0.122,739,380
114,1781507043704557568,Left,0,114_rgb.jpg,114_a30.jpg,114_a50.jpg,114_a70.jpg,0.886,344,459,0.157,784,451,0.000,477,645,0.275,300,401
115,1781507043954557568,Left,1,115_rgb.jpg,115_a30.jpg,115_a50.jpg,115_a70.jpg,0.914,345,469,0.000,678,412,0.004,505,645,0.275,301,402
116,1781507044204557568,Teleoperator,1,116_rgb.jpg,116_a30.jpg,116_a50.jpg,116_a70.jpg,0.000,303,391,0.000,677,411,0.306,531,838,0.000,0,0
117,1781507044454557568,Teleoperator,1,117_rgb.jpg,117_a30.jpg,117_a50.jpg,117_a70.jpg,0.000,303,391,0.000,676,411,0.349,530,839,0.000,0,0
118,1781507044704557568,Teleoperator,1,118_rgb.jpg,118_a30.jpg,118_a50.jpg,118_a70.jpg,0.000,300,389,0.000,677,410,0.408,532,839,0.000,0,0
119,1781507044954557568,Teleoperator,1,119_rgb.jpg,119_a30.jpg,119_a50.jpg,119_a70.jpg,0.000,300,391,0.000,677,411,0.471,530,841,0.000,0,0
120,1781507045204557568,Left,0,120_rgb.jpg,120_a30.jpg,120_a50.jpg,120_a70.jpg,0.761,302,421,0.008,767,428,0.000,456,645,0.678,224,377
121,1781507045454557568,Left,0,121_rgb.jpg,121_a30.jpg,121_a50.jpg,121_a70.jpg,0.922,306,441,0.004,784,468,0.000,473,645,0.506,275,375
122,1781507045704557568,Left,0,122_rgb.jpg,122_a30.jpg,122_a50.jpg,122_a70.jpg,0.878,300,429,0.004,784,475,0.000,466,645,0.584,227,370
123,1781507045954557568,Left,0,123_rgb.jpg,123_a30.jpg,123_a50.jpg,123_a70.jpg,0.784,301,421,0.008,783,473,0.000,462,645,0.702,222,373
124,1781507046204557568,Right,0,124_rgb.jpg,124_a30.jpg,124_a50.jpg,124_a70.jpg,0.000,299,390,0.859,716,475,0.000,377,645,0.090,732,393
125,1781507046454557568,Right,0,125_rgb.jpg,125_a30.jpg,125_a50.jpg,125_a70.jpg,0.000,302,391,0.855,716,472,0.000,377,645,0.090,732,389
126,1781507046704557568,Right,0,126_rgb.jpg,126_a30.jpg,126_a50.jpg,126_a70.jpg,0.000,301,389,0.851,738,469,0.000,377,645,0.075,749,391
127,1781507046954557568,Right,0,127_rgb.jpg,127_a30.jpg,127_a50.jpg,127_a70.jpg,0.000,302,390,0.871,734,460,0.000,377,645,0.102,746,381
128,1781507047204557568,Right,0,128_rgb.jpg,128_a30.jpg,128_a50.jpg,128_a70.jpg,0.000,302,390,0.816,733,451,0.000,377,645,0.043,748,367
129,1781507047454557568,Right,0,129_rgb.jpg,129_a30.jpg,129_a50.jpg,129_a70.jpg,0.000,302,390,0.741,734,452,0.000,377,645,0.008,756,365
130,1781507047704557568,Left,0,130_rgb.jpg,130_a30.jpg,130_a50.jpg,130_a70.jpg,0.506,302,445,0.004,767,418,0.000,501,645,0.443,534,100
131,1781507047954557568,Others,0,131_rgb.jpg,131_a30.jpg,131_a50.jpg,131_a70.jpg,0.153,302,442,0.000,677,410,0.000,477,645,0.192,525,96
132,1781507048204557568,Left,0,132_rgb.jpg,132_a30.jpg,132_a50.jpg,132_a70.jpg,0.859,302,430,0.012,804,443,0.000,488,645,0.667,534,108
133,1781507048454557568,Left,1,133_rgb.jpg,133_a30.jpg,133_a50.jpg,133_a70.jpg,0.784,369,454,0.000,679,411,0.016,409,645,0.078,378,260
134,1781507048704557568,Teleoperator,1,134_rgb.jpg,134_a30.jpg,134_a50.jpg,134_a70.jpg,0.000,303,389,0.000,679,411,0.478,531,825,0.020,530,109
135,1781507048954557568,Teleoperator,1,135_rgb.jpg,135_a30.jpg,135_a50.jpg,135_a70.jpg,0.000,303,390,0.000,680,412,0.282,531,840,0.000,0,0
136,1781507049204557568,Teleoperator,1,136_rgb.jpg,136_a30.jpg,136_a50.jpg,136_a70.jpg,0.000,304,392,0.000,678,411,0.290,530,842,0.000,0,0
137,1781507049454557568,Teleoperator,1,137_rgb.jpg,137_a30.jpg,137_a50.jpg,137_a70.jpg,0.000,304,392,0.000,677,410,0.435,532,840,0.000,0,0
138,1781507049704557568,Others,0,138_rgb.jpg,138_a30.jpg,138_a50.jpg,138_a70.jpg,0.337,303,433,0.008,798,472,0.000,484,645,0.376,528,99
139,1781507049954557568,Left,0,139_rgb.jpg,139_a30.jpg,139_a50.jpg,139_a70.jpg,0.792,304,423,0.047,783,472,0.000,469,645,0.675,227,374
140,1781507050204557568,Left,0,140_rgb.jpg,140_a30.jpg,140_a50.jpg,140_a70.jpg,0.820,305,421,0.024,798,447,0.000,469,645,0.659,227,366
141,1781507050454557568,Left,0,141_rgb.jpg,141_a30.jpg,141_a50.jpg,141_a70.jpg,0.812,306,436,0.020,784,486,0.000,472,645,0.675,231,392
142,1781507050704557568,Right,0,142_rgb.jpg,142_a30.jpg,142_a50.jpg,142_a70.jpg,0.000,301,390,0.910,736,444,0.000,377,645,0.196,761,361
143,1781507050954557568,Right,0,143_rgb.jpg,143_a30.jpg,143_a50.jpg,143_a70.jpg,0.000,301,390,0.910,743,444,0.000,377,645,0.200,767,362
144,1781507051204557568,Left,0,144_rgb.jpg,144_a30.jpg,144_a50.jpg,144_a70.jpg,0.843,327,475,0.318,733,467,0.000,548,645,0.443,300,427
145,1781507051454557568,Left,0,145_rgb.jpg,145_a30.jpg,145_a50.jpg,145_a70.jpg,0.910,328,473,0.122,749,465,0.000,530,645,0.443,298,404
146,1781507051704557568,Right,0,146_rgb.jpg,146_a30.jpg,146_a50.jpg,146_a70.jpg,0.576,302,448,0.918,747,462,0.000,484,645,0.573,210,427
147,1781507051954557568,Left,0,147_rgb.jpg,147_a30.jpg,147_a50.jpg,147_a70.jpg,0.749,303,445,0.318,766,475,0.000,487,645,0.690,238,418
148,1781507052204557568,Left,0,148_rgb.jpg,148_a30.jpg,148_a50.jpg,148_a70.jpg,0.808,302,444,0.063,784,484,0.000,505,645,0.698,244,406
149,1781507052454557568,Left,0,149_rgb.jpg,149_a30.jpg,149_a50.jpg,149_a70.jpg,0.808,302,439,0.067,784,484,0.000,492,645,0.725,228,396
150,1781507052704557568,Left,0,150_rgb.jpg,150_a30.jpg,150_a50.jpg,150_a70.jpg,0.902,343,471,0.000,679,411,0.000,479,645,0.259,303,400
151,1781507052954557568,Left,0,151_rgb.jpg,151_a30.jpg,151_a50.jpg,151_a70.jpg,0.894,356,472,0.000,679,411,0.000,489,645,0.255,303,408
152,1781507053204557568,Left,0,152_rgb.jpg,152_a30.jpg,152_a50.jpg,152_a70.jpg,0.902,327,474,0.008,807,474,0.000,526,645,0.431,297,410
153,1781507053454557568,Left,0,153_rgb.jpg,153_a30.jpg,153_a50.jpg,153_a70.jpg,0.812,302,451,0.067,805,471,0.000,488,645,0.655,261,417
154,1781507053704557568,Left,0,154_rgb.jpg,154_a30.jpg,154_a50.jpg,154_a70.jpg,0.792,302,453,0.086,803,476,0.000,507,645,0.671,258,422
155,1781507053954557568,Left,0,155_rgb.jpg,155_a30.jpg,155_a50.jpg,155_a70.jpg,0.882,301,450,0.114,800,443,0.000,506,645,0.635,243,403
156,1781507054204557568,Left,0,156_rgb.jpg,156_a30.jpg,156_a50.jpg,156_a70.jpg,0.886,351,459,0.000,678,412,0.000,470,645,0.196,327,388
157,1781507054454557568,Left,0,157_rgb.jpg,157_a30.jpg,157_a50.jpg,157_a70.jpg,0.714,361,452,0.000,678,412,0.000,377,645,0.031,377,242
158,1781507054704557568,Left,0,158_rgb.jpg,158_a30.jpg,158_a50.jpg,158_a70.jpg,0.875,342,456,0.008,803,455,0.000,436,645,0.192,312,382
159,1781507054954557568,Left,0,159_rgb.jpg,159_a30.jpg,159_a50.jpg,159_a70.jpg,0.863,360,450,0.000,678,412,0.000,456,645,0.137,343,365
160,1781507055204557568,Left,0,160_rgb.jpg,160_a30.jpg,160_a50.jpg,160_a70.jpg,0.886,361,453,0.000,678,411,0.000,461,645,0.157,348,368
161,1781507055454557568,Left,0,161_rgb.jpg,161_a30.jpg,161_a50.jpg,161_a70.jpg,0.902,361,457,0.000,677,411,0.000,462,645,0.184,355,373
162,1781507055704557568,Left,0,162_rgb.jpg,162_a30.jpg,162_a50.jpg,162_a70.jpg,0.937,335,446,0.008,800,439,0.000,449,645,0.302,309,367
163,1781507055954557568,Right,1,163_rgb.jpg,163_a30.jpg,163_a50.jpg,163_a70.jpg,0.000,306,393,0.875,749,461,0.000,377,645,0.098,748,381
164,1781507056204557568,Teleoperator,1,164_rgb.jpg,164_a30.jpg,164_a50.jpg,164_a70.jpg,0.000,306,393,0.000,678,409,1.000,532,785,0.004,528,94
165,1781507056454557568,Teleoperator,1,165_rgb.jpg,165_a30.jpg,165_a50.jpg,165_a70.jpg,0.000,306,393,0.000,678,406,1.000,532,700,0.059,531,94
166,1781507056704557568,Teleoperator,1,166_rgb.jpg,166_a30.jpg,166_a50.jpg,166_a70.jpg,0.000,306,393,0.000,667,405,0.471,531,788,0.004,527,96
167,1781507056954557568,Teleoperator,1,167_rgb.jpg,167_a30.jpg,167_a50.jpg,167_a70.jpg,0.000,313,398,0.000,676,411,1.000,498,645,0.776,573,106
168,1781507057204557568,Teleoperator,1,168_rgb.jpg,168_a30.jpg,168_a50.jpg,168_a70.jpg,0.000,313,398,0.000,678,415,1.000,447,645,1.000,447,110
169,1781507057454557568,Teleoperator,1,169_rgb.jpg,169_a30.jpg,169_a50.jpg,169_a70.jpg,0.000,309,398,0.000,680,415,1.000,515,667,0.043,528,577
170,1781507057704557568,Right,1,170_rgb.jpg,170_a30.jpg,170_a50.jpg,170_a70.jpg,0.000,304,389,0.894,696,416,0.000,377,645,0.294,746,322
171,1781507057954557568,Right,0,171_rgb.jpg,171_a30.jpg,171_a50.jpg,171_a70.jpg,0.000,304,391,0.894,696,417,0.000,377,645,0.294,745,323
172,1781507058204557568,Teleoperator,1,172_rgb.jpg,172_a30.jpg,172_a50.jpg,172_a70.jpg,0.000,306,391,0.000,682,414,0.404,531,834,0.000,0,0
173,1781507058454557568,Teleoperator,1,173_rgb.jpg,173_a30.jpg,173_a50.jpg,173_a70.jpg,0.000,305,391,0.000,681,414,0.467,530,837,0.000,0,0
174,1781507058704557568,Teleoperator,1,174_rgb.jpg,174_a30.jpg,174_a50.jpg,174_a70.jpg,0.000,305,391,0.000,680,413,0.463,532,836,0.000,0,0
175,1781507058954557568,Teleoperator,1,175_rgb.jpg,175_a30.jpg,175_a50.jpg,175_a70.jpg,0.000,305,391,0.000,681,412,0.400,533,829,0.000,0,0
176,1781507059204557568,Teleoperator,1,176_rgb.jpg,176_a30.jpg,176_a50.jpg,176_a70.jpg,0.000,305,391,0.000,678,414,0.451,531,818,0.000,0,0
177,1781507059454557568,Teleoperator,1,177_rgb.jpg,177_a30.jpg,177_a50.jpg,177_a70.jpg,0.000,305,391,0.000,679,413,0.275,530,840,0.000,0,0
178,1781507059704557568,Teleoperator,1,178_rgb.jpg,178_a30.jpg,178_a50.jpg,178_a70.jpg,0.000,303,390,0.000,678,415,0.314,532,839,0.000,0,0
179,1781507059954557568,Teleoperator,1,179_rgb.jpg,179_a30.jpg,179_a50.jpg,179_a70.jpg,0.031,328,463,0.000,679,414,0.376,531,833,0.024,302,440
180,1781507060204557568,Left,0,180_rgb.jpg,180_a30.jpg,180_a50.jpg,180_a70.jpg,0.890,327,472,0.000,677,413,0.000,509,645,0.459,304,410
181,1781507060454557568,Left,0,181_rgb.jpg,181_a30.jpg,181_a50.jpg,181_a70.jpg,0.753,307,453,0.016,802,443,0.000,487,645,0.624,260,427
182,1781507060704557568,Left,0,182_rgb.jpg,182_a30.jpg,182_a50.jpg,182_a70.jpg,0.671,306,448,0.027,803,442,0.000,512,645,0.651,261,437
183,1781507060954557568,Others,0,183_rgb.jpg,183_a30.jpg,183_a50.jpg,183_a70.jpg,0.227,307,473,0.082,783,500,0.000,572,645,0.404,328,516
184,1781507061204557568,Others,0,184_rgb.jpg,184_a30.jpg,184_a50.jpg,184_a70.jpg,0.294,306,473,0.063,797,493,0.000,538,645,0.439,303,505
185,1781507061454557568,Left,0,185_rgb.jpg,185_a30.jpg,185_a50.jpg,185_a70.jpg,0.702,307,455,0.027,801,437,0.000,514,645,0.675,277,442
186,1781507061704557568,Left,0,186_rgb.jpg,186_a30.jpg,186_a50.jpg,186_a70.jpg,0.745,306,462,0.027,801,460,0.000,513,645,0.631,276,442
187,1781507061954557568,Left,0,187_rgb.jpg,187_a30.jpg,187_a50.jpg,187_a70.jpg,0.910,310,456,0.031,686,409,0.000,568,647,0.698,304,410
188,1781507062204557568,Left,0,188_rgb.jpg,188_a30.jpg,188_a50.jpg,188_a70.jpg,0.922,306,456,0.020,767,429,0.000,555,645,0.631,258,403
189,1781507062454557568,Left,0,189_rgb.jpg,189_a30.jpg,189_a50.jpg,189_a70.jpg,0.722,363,452,0.027,809,440,0.000,377,645,0.039,375,269
190,1781507062704557568,Left,0,190_rgb.jpg,190_a30.jpg,190_a50.jpg,190_a70.jpg,0.925,328,440,0.000,680,390,0.000,459,645,0.361,310,352
191,1781507062954557568,Others,0,191_rgb.jpg,191_a30.jpg,191_a50.jpg,191_a70.jpg,0.325,321,465,0.043,768,487,0.000,543,648,0.482,310,497
192,1781507063204557568,Right,0,192_rgb.jpg,192_a30.jpg,192_a50.jpg,192_a70.jpg,0.027,322,459,0.902,734,443,0.000,478,645,0.188,748,358
193,1781507063454557568,Right,0,193_rgb.jpg,193_a30.jpg,193_a50.jpg,193_a70.jpg,0.008,325,416,0.879,733,442,0.000,377,645,0.133,751,359
194,1781507063704557568,Left,0,194_rgb.jpg,194_a30.jpg,194_a50.jpg,194_a70.jpg,0.918,362,433,0.000,676,408,0.000,447,645,0.204,337,348
195,1781507063954557568,Left,0,195_rgb.jpg,195_a30.jpg,195_a50.jpg,195_a70.jpg,0.922,362,433,0.000,680,414,0.000,459,645,0.216,341,348
196,1781507064204557568,Left,0,196_rgb.jpg,196_a30.jpg,196_a50.jpg,196_a70.jpg,0.859,321,452,0.004,716,413,0.000,528,645,0.584,306,411
197,1781507064454557568,Left,0,197_rgb.jpg,197_a30.jpg,197_a50.jpg,197_a70.jpg,0.886,321,431,0.000,678,413,0.000,493,645,0.494,276,372
198,1781507064704557568,Left,0,198_rgb.jpg,198_a30.jpg,198_a50.jpg,198_a70.jpg,0.690,323,431,0.004,726,413,0.000,480,645,0.686,227,392
199,1781507064954557568,Left,0,199_rgb.jpg,199_a30.jpg,199_a50.jpg,199_a70.jpg,0.784,322,438,0.004,766,441,0.000,485,645,0.592,242,394
200,1781507065204557568,Right,0,200_rgb.jpg,200_a30.jpg,200_a50.jpg,200_a70.jpg,0.443,362,465,0.827,738,470,0.000,452,645,0.161,808,431
201,1781507065454557568,Right,0,201_rgb.jpg,201_a30.jpg,201_a50.jpg,201_a70.jpg,0.345,360,460,0.804,733,464,0.000,396,645,0.090,749,403
202,1781507065704557568,Left,0,202_rgb.jpg,202_a30.jpg,202_a50.jpg,202_a70.jpg,0.922,345,469,0.000,676,410,0.000,516,645,0.439,320,405
203,1781507065954557568,Left,0,203_rgb.jpg,203_a30.jpg,203_a50.jpg,203_a70.jpg,0.690,323,445,0.027,800,448,0.000,507,645,0.686,256,419
204,1781507066204557568,Left,0,204_rgb.jpg,204_a30.jpg,204_a50.jpg,204_a70.jpg,0.749,321,439,0.071,766,456,0.000,490,645,0.631,244,399
205,1781507066454557568,Left,0,205_rgb.jpg,205_a30.jpg,205_a50.jpg,205_a70.jpg,0.729,321,428,0.098,767,465,0.000,486,645,0.631,242,385
206,1781507066704557568,Right,0,206_rgb.jpg,206_a30.jpg,206_a50.jpg,206_a70.jpg,0.016,321,427,0.769,734,436,0.000,377,645,0.039,750,343
207,1781507066954557568,Right,0,207_rgb.jpg,207_a30.jpg,207_a50.jpg,207_a70.jpg,0.004,321,422,0.702,732,444,0.000,377,645,0.016,721,327
208,1781507067204557568,Right,0,208_rgb.jpg,208_a30.jpg,208_a50.jpg,208_a70.jpg,0.008,321,441,0.733,734,446,0.000,377,645,0.016,734,336
209,1781507067454557568,Left,0,209_rgb.jpg,209_a30.jpg,209_a50.jpg,209_a70.jpg,0.886,327,460,0.278,746,450,0.000,471,645,0.176,312,388
210,1781507067704557568,Right,0,210_rgb.jpg,210_a30.jpg,210_a50.jpg,210_a70.jpg,0.000,304,390,0.871,732,461,0.000,377,645,0.137,750,370
211,1781507067954557568,Right,0,211_rgb.jpg,211_a30.jpg,211_a50.jpg,211_a70.jpg,0.000,306,395,0.875,730,461,0.000,377,645,0.133,747,370
212,1781507068204557568,Right,0,212_rgb.jpg,212_a30.jpg,212_a50.jpg,212_a70.jpg,0.000,303,392,0.863,732,460,0.000,377,645,0.122,743,370
213,1781507068454557568,Others,0,213_rgb.jpg,213_a30.jpg,213_a50.jpg,213_a70.jpg,0.075,303,427,0.035,766,481,0.000,446,645,0.129,521,95
214,1781507068704557568,Left,0,214_rgb.jpg,214_a30.jpg,214_a50.jpg,214_a70.jpg,0.741,303,431,0.192,750,486,0.000,477,645,0.675,224,387
215,1781507068954557568,Left,0,215_rgb.jpg,215_a30.jpg,215_a50.jpg,215_a70.jpg,0.831,306,443,0.024,784,488,0.000,474,645,0.608,238,394
216,1781507069204557568,Left,0,216_rgb.jpg,216_a30.jpg,216_a50.jpg,216_a70.jpg,0.767,306,448,0.071,783,489,0.000,479,645,0.659,239,416
217,1781507069454557568,Left,0,217_rgb.jpg,217_a30.jpg,217_a50.jpg,217_a70.jpg,0.847,307,450,0.035,783,491,0.000,477,645,0.655,241,408
218,1781507069704557568,Teleoperator,1,218_rgb.jpg,218_a30.jpg,218_a50.jpg,218_a70.jpg,0.067,310,448,0.000,679,415,0.337,530,836,0.063,261,430
219,1781507069954557568,Teleoperator,1,219_rgb.jpg,219_a30.jpg,219_a50.jpg,219_a70.jpg,0.000,308,401,0.000,677,413,0.404,531,837,0.000,0,0
220,1781507070204557568,Teleoperator,1,220_rgb.jpg,220_a30.jpg,220_a50.jpg,220_a70.jpg,0.000,307,398,0.000,671,414,0.157,531,845,0.000,0,0
221,1781507070454557568,Teleoperator,1,221_rgb.jpg,221_a30.jpg,221_a50.jpg,221_a70.jpg,0.000,307,397,0.000,662,411,0.533,532,842,0.000,0,0
222,1781507070704557568,Teleoperator,1,222_rgb.jpg,222_a30.jpg,222_a50.jpg,222_a70.jpg,0.000,306,396,0.000,677,414,0.345,530,843,0.000,0,0
223,1781507070954557568,Teleoperator,1,223_rgb.jpg,223_a30.jpg,223_a50.jpg,223_a70.jpg,0.000,304,392,0.000,677,413,0.357,531,827,0.000,0,0
224,1781507071204557568,Teleoperator,1,224_rgb.jpg,224_a30.jpg,224_a50.jpg,224_a70.jpg,0.000,304,392,0.000,677,413,0.357,531,838,0.000,0,0
225,1781507071454557568,Teleoperator,1,225_rgb.jpg,225_a30.jpg,225_a50.jpg,225_a70.jpg,0.000,303,391,0.000,660,411,0.592,533,662,0.012,531,505
226,1781507071704557568,Teleoperator,1,226_rgb.jpg,226_a30.jpg,226_a50.jpg,226_a70.jpg,0.000,302,389,0.000,660,411,0.545,531,799,0.000,0,0
227,1781507071954557568,Teleoperator,1,227_rgb.jpg,227_a30.jpg,227_a50.jpg,227_a70.jpg,0.000,300,385,0.000,669,409,0.533,535,832,0.000,0,0
228,1781507072204557568,Teleoperator,1,228_rgb.jpg,228_a30.jpg,228_a50.jpg,228_a70.jpg,0.000,300,385,0.000,667,407,0.188,530,842,0.000,0,0
229,1781507072454557568,Teleoperator,1,229_rgb.jpg,229_a30.jpg,229_a50.jpg,229_a70.jpg,0.000,300,385,0.000,670,409,0.420,532,776,0.004,523,97
230,1781507072704557568,Teleoperator,1,230_rgb.jpg,230_a30.jpg,230_a50.jpg,230_a70.jpg,0.000,298,384,0.000,658,396,1.000,515,768,0.008,519,96
231,1781507072954557568,Teleoperator,1,231_rgb.jpg,231_a30.jpg,231_a50.jpg,231_a70.jpg,0.000,286,389,0.000,652,385,0.239,531,841,0.000,0,0
232,1781507073204557568,Teleoperator,1,232_rgb.jpg,232_a30.jpg,232_a50.jpg,232_a70.jpg,0.000,277,387,0.000,652,385,0.482,530,785,0.016,529,109
233,1781507073454557568,Left,1,233_rgb.jpg,233_a30.jpg,233_a50.jpg,233_a70.jpg,0.898,327,424,0.000,655,384,0.000,377,645,0.180,314,342
234,1781507073704557568,Teleoperator,1,234_rgb.jpg,234_a30.jpg,234_a50.jpg,234_a70.jpg,0.000,300,386,0.000,652,383,0.431,531,789,0.000,0,0
235,1781507073954557568,Teleoperator,1,235_rgb.jpg,235_a30.jpg,235_a50.jpg,235_a70.jpg,0.000,305,390,0.000,648,379,1.000,498,645,0.341,528,99
236,1781507074204557568,Teleoperator,1,236_rgb.jpg,236_a30.jpg,236_a50.jpg,236_a70.jpg,0.000,308,394,0.000,648,379,0.502,532,751,0.004,531,96
237,1781507074454557568,Teleoperator,1,237_rgb.jpg,237_a30.jpg,237_a50.jpg,237_a70.jpg,0.000,308,394,0.000,652,383,0.380,531,832,0.000,0,0
238,1781507074704557568,Teleoperator,1,238_rgb.jpg,238_a30.jpg,238_a50.jpg,238_a70.jpg,0.000,308,396,0.000,671,401,0.388,531,832,0.000,0,0
239,1781507074954557568,Left,0,239_rgb.jpg,239_a30.jpg,239_a50.jpg,239_a70.jpg,0.945,327,463,0.000,668,398,0.000,492,645,0.365,309,385
240,1781507075204557568,Left,1,240_rgb.jpg,240_a30.jpg,240_a50.jpg,240_a70.jpg,0.949,329,462,0.000,666,396,0.016,489,645,0.380,306,386
241,1781507075454557568,Teleoperator,1,241_rgb.jpg,241_a30.jpg,241_a50.jpg,241_a70.jpg,0.000,307,395,0.000,670,400,0.420,533,829,0.000,0,0
242,1781507075704557568,Teleoperator,1,242_rgb.jpg,242_a30.jpg,242_a50.jpg,242_a70.jpg,0.000,305,393,0.000,670,402,0.416,531,829,0.000,0,0
243,1781507075954557568,Left,0,243_rgb.jpg,243_a30.jpg,243_a50.jpg,243_a70.jpg,0.784,305,458,0.125,801,493,0.000,499,645,0.600,291,431
244,1781507076204557568,Left,0,244_rgb.jpg,244_a30.jpg,244_a50.jpg,244_a70.jpg,0.839,305,455,0.098,804,480,0.000,465,645,0.541,292,415
245,1781507076454557568,Left,0,245_rgb.jpg,245_a30.jpg,245_a50.jpg,245_a70.jpg,0.847,310,458,0.078,802,459,0.000,466,645,0.522,294,415
246,1781507076704557568,Left,0,246_rgb.jpg,246_a30.jpg,246_a50.jpg,246_a70.jpg,0.922,337,447,0.000,676,410,0.000,443,645,0.239,320,379
247,1781507076954557568,Left,0,247_rgb.jpg,247_a30.jpg,247_a50.jpg,247_a70.jpg,0.902,345,434,0.000,671,406,0.000,466,645,0.224,327,357
248,1781507077204557568,Left,0,248_rgb.jpg,248_a30.jpg,248_a50.jpg,248_a70.jpg,0.906,345,434,0.000,670,406,0.000,469,645,0.239,325,352
249,1781507077454557568,Left,0,249_rgb.jpg,249_a30.jpg,249_a50.jpg,249_a70.jpg,0.914,342,441,0.008,803,439,0.000,475,645,0.310,310,368
250,1781507077704557568,Others,0,250_rgb.jpg,250_a30.jpg,250_a50.jpg,250_a70.jpg,0.663,303,451,0.533,807,488,0.000,476,645,0.745,294,470
251,1781507077954557568,Others,0,251_rgb.jpg,251_a30.jpg,251_a50.jpg,251_a70.jpg,0.565,303,460,0.424,806,485,0.000,469,645,0.733,301,506
252,1781507078204557568,Others,0,252_rgb.jpg,252_a30.jpg,252_a50.jpg,252_a70.jpg,0.239,301,460,0.306,796,480,0.000,459,645,0.702,851,532
253,1781507078454557568,Others,0,253_rgb.jpg,253_a30.jpg,253_a50.jpg,253_a70.jpg,0.561,304,455,0.396,806,485,0.000,467,645,0.718,537,105
254,1781507078704557568,Others,0,254_rgb.jpg,254_a30.jpg,254_a50.jpg,254_a70.jpg,0.337,305,452,0.420,807,483,0.000,457,645,0.729,540,107
255,1781507078954557568,Others,0,255_rgb.jpg,255_a30.jpg,255_a50.jpg,255_a70.jpg,0.133,303,456,0.357,804,488,0.000,446,645,0.694,851,529
256,1781507079204557568,Others,0,256_rgb.jpg,256_a30.jpg,256_a50.jpg,256_a70.jpg,0.373,304,448,0.439,806,489,0.000,449,645,0.682,849,518
257,1781507079454557568,Others,0,257_rgb.jpg,257_a30.jpg,257_a50.jpg,257_a70.jpg,0.357,305,452,0.314,807,487,0.000,452,645,0.667,850,530
258,1781507079704557568,Left,0,258_rgb.jpg,258_a30.jpg,258_a50.jpg,258_a70.jpg,0.702,307,454,0.290,804,483,0.000,459,645,0.635,277,440
259,1781507079954557568,Left,0,259_rgb.jpg,259_a30.jpg,259_a50.jpg,259_a70.jpg,0.855,307,452,0.180,802,491,0.000,490,645,0.580,299,407
260,1781507080204557568,Left,0,260_rgb.jpg,260_a30.jpg,260_a50.jpg,260_a70.jpg,0.822,307,451,0.043,784,481,0.000,500,645,0.580,290,414
261,1781507080454557568,Left,0,261_rgb.jpg,261_a30.jpg,261_a50.jpg,261_a70.jpg,0.671,308,447,0.059,807,465,0.000,474,645,0.627,261,428
262,1781507080704557568,Left,0,262_rgb.jpg,262_a30.jpg,262_a50.jpg,262_a70.jpg,0.698,304,456,0.059,805,466,0.000,462,645,0.588,259,436
263,1781507080954557568,Left,0,263_rgb.jpg,263_a30.jpg,263_a50.jpg,263_a70.jpg,0.737,375,449,0.000,673,408,0.000,377,645,0.039,345,209
264,1781507081204557568,Left,0,264_rgb.jpg,264_a30.jpg,264_a50.jpg,264_a70.jpg,0.816,373,452,0.000,671,407,0.000,428,645,0.067,354,373
265,1781507081454557568,Left,0,265_rgb.jpg,265_a30.jpg,265_a50.jpg,265_a70.jpg,0.871,360,470,0.000,673,408,0.000,478,645,0.231,302,416
266,1781507081704557568,Left,0,266_rgb.jpg,266_a30.jpg,266_a50.jpg,266_a70.jpg,0.820,369,455,0.000,672,408,0.000,448,645,0.098,354,380
267,1781507081954557568,Left,0,267_rgb.jpg,267_a30.jpg,267_a50.jpg,267_a70.jpg,0.780,364,446,0.000,673,408,0.000,377,645,0.039,379,252
268,1781507082204557568,Left,0,268_rgb.jpg,268_a30.jpg,268_a50.jpg,268_a70.jpg,0.902,345,451,0.000,672,408,0.000,460,645,0.188,328,368
269,1781507082454557568,Left,0,269_rgb.jpg,269_a30.jpg,269_a50.jpg,269_a70.jpg,0.894,361,465,0.000,672,408,0.000,478,645,0.231,339,390
270,1781507082704557568,Left,1,270_rgb.jpg,270_a30.jpg,270_a50.jpg,270_a70.jpg,0.929,343,459,0.000,673,408,0.000,512,645,0.290,326,380
271,1781507082954557568,Left,1,271_rgb.jpg,271_a30.jpg,271_a50.jpg,271_a70.jpg,0.922,328,442,0.000,673,409,0.133,530,834,0.271,312,361
272,1781507083204557568,Left,1,272_rgb.jpg,272_a30.jpg,272_a50.jpg,272_a70.jpg,0.706,380,448,0.020,794,434,0.000,377,645,0.024,375,270
273,1781507083454557568,Left,1,273_rgb.jpg,273_a30.jpg,273_a50.jpg,273_a70.jpg,0.937,344,437,0.000,667,407,0.039,531,823,0.294,319,354
274,1781507083704557568,Teleoperator,1,274_rgb.jpg,274_a30.jpg,274_a50.jpg,274_a70.jpg,0.000,306,390,0.000,667,407,0.424,532,836,0.000,0,0
275,1781507083954557568,Teleoperator,1,275_rgb.jpg,275_a30.jpg,275_a50.jpg,275_a70.jpg,0.000,305,392,0.000,666,407,0.424,533,836,0.000,0,0
276,1781507084204557568,Left,0,276_rgb.jpg,276_a30.jpg,276_a50.jpg,276_a70.jpg,0.788,308,438,0.141,802,473,0.000,443,645,0.604,242,398
277,1781507084454557568,Left,0,277_rgb.jpg,277_a30.jpg,277_a50.jpg,277_a70.jpg,0.804,304,441,0.090,801,473,0.000,441,645,0.592,242,403
278,1781507084704557568,Left,0,278_rgb.jpg,278_a30.jpg,278_a50.jpg,278_a70.jpg,0.788,303,438,0.192,808,480,0.000,447,645,0.612,242,399
279,1781507084954557568,Left,0,279_rgb.jpg,279_a30.jpg,279_a50.jpg,279_a70.jpg,0.914,327,428,0.008,801,480,0.000,422,645,0.216,325,349
280,1781507085204557568,Left,0,280_rgb.jpg,280_a30.jpg,280_a50.jpg,280_a70.jpg,0.890,340,420,0.000,665,405,0.000,377,645,0.165,327,336
281,1781507085454557568,Left,0,281_rgb.jpg,281_a30.jpg,281_a50.jpg,281_a70.jpg,0.898,323,418,0.008,803,450,0.000,408,645,0.204,275,347
282,1781507085704557568,Left,0,282_rgb.jpg,282_a30.jpg,282_a50.jpg,282_a70.jpg,0.736,302,443,0.086,803,475,0.000,449,645,0.620,243,414
283,1781507085954557568,Left,0,283_rgb.jpg,283_a30.jpg,283_a50.jpg,283_a70.jpg,0.812,304,440,0.067,784,495,0.000,467,645,0.616,242,396
284,1781507086204557568,Left,0,284_rgb.jpg,284_a30.jpg,284_a50.jpg,284_a70.jpg,0.773,302,438,0.082,782,498,0.000,474,645,0.678,244,408
285,1781507086454557568,Left,0,285_rgb.jpg,285_a30.jpg,285_a50.jpg,285_a70.jpg,0.706,302,443,0.063,796,468,0.000,450,645,0.655,211,414
286,1781507086704557568,Right,0,286_rgb.jpg,286_a30.jpg,286_a50.jpg,286_a70.jpg,0.000,302,390,0.733,732,461,0.000,377,645,0.012,746,367
287,1781507086954557568,Right,0,287_rgb.jpg,287_a30.jpg,287_a50.jpg,287_a70.jpg,0.000,301,391,0.859,733,443,0.000,377,645,0.145,749,349
288,1781507087204557568,Right,0,288_rgb.jpg,288_a30.jpg,288_a50.jpg,288_a70.jpg,0.000,305,390,0.835,725,461,0.000,377,645,0.098,744,377
289,1781507087454557568,Right,0,289_rgb.jpg,289_a30.jpg,289_a50.jpg,289_a70.jpg,0.000,303,389,0.769,713,466,0.000,377,645,0.176,659,424
290,1781507087704557568,Right,0,290_rgb.jpg,290_a30.jpg,290_a50.jpg,290_a70.jpg,0.000,302,389,0.804,732,419,0.000,377,645,0.090,747,327
291,1781507087954557568,Right,0,291_rgb.jpg,291_a30.jpg,291_a50.jpg,291_a70.jpg,0.000,302,390,0.859,748,423,0.000,377,645,0.106,750,337
292,1781507088204557568,Right,0,292_rgb.jpg,292_a30.jpg,292_a50.jpg,292_a70.jpg,0.000,303,391,0.894,733,456,0.000,377,645,0.220,763,364
293,1781507088454557568,Left,0,293_rgb.jpg,293_a30.jpg,293_a50.jpg,293_a70.jpg,0.855,345,455,0.055,768,449,0.000,475,645,0.333,298,407
294,1781507088704557568,Left,0,294_rgb.jpg,294_a30.jpg,294_a50.jpg,294_a70.jpg,0.859,360,452,0.000,678,413,0.000,377,645,0.094,338,368
295,1781507088954557568,Left,0,295_rgb.jpg,295_a30.jpg,295_a50.jpg,295_a70.jpg,0.871,360,444,0.000,679,414,0.000,377,645,0.094,327,361
296,1781507089204557568,Left,0,296_rgb.jpg,296_a30.jpg,296_a50.jpg,296_a70.jpg,0.902,358,436,0.000,679,416,0.000,377,645,0.157,331,352
297,1781507089454557568,Left,1,297_rgb.jpg,297_a30.jpg,297_a50.jpg,297_a70.jpg,0.910,344,441,0.000,678,414,0.000,428,645,0.169,326,357
298,1781507089704557568,Teleoperator,1,298_rgb.jpg,298_a30.jpg,298_a50.jpg,298_a70.jpg,0.000,299,391,0.000,681,415,0.439,531,788,0.008,526,99
299,1781507089954557568,Teleoperator,1,299_rgb.jpg,299_a30.jpg,299_a50.jpg,299_a70.jpg,0.000,302,393,0.000,673,414,1.000,464,645,1.000,447,110
300,1781507090204557568,Teleoperator,1,300_rgb.jpg,300_a30.jpg,300_a50.jpg,300_a70.jpg,0.012,418,395,0.000,674,414,1.000,447,645,1.000,447,110
301,1781507090454557568,Teleoperator,1,301_rgb.jpg,301_a30.jpg,301_a50.jpg,301_a70.jpg,0.000,306,395,0.000,674,416,1.000,498,768,0.000,0,0
302,1781507090704557568,Teleoperator,1,302_rgb.jpg,302_a30.jpg,302_a50.jpg,302_a70.jpg,0.000,328,400,0.000,671,415,0.373,530,835,0.000,0,0
303,1781507090954557568,Left,0,303_rgb.jpg,303_a30.jpg,303_a50.jpg,303_a70.jpg,0.949,358,464,0.000,670,414,0.000,530,645,0.384,332,384
304,1781507091204557568,Left,0,304_rgb.jpg,304_a30.jpg,304_a50.jpg,304_a70.jpg,0.922,328,466,0.000,669,411,0.000,538,645,0.471,310,402
305,1781507091454557568,Others,0,305_rgb.jpg,305_a30.jpg,305_a50.jpg,305_a70.jpg,0.357,328,421,0.098,783,495,0.000,441,645,0.706,193,395
306,1781507091704557568,Left,0,306_rgb.jpg,306_a30.jpg,306_a50.jpg,306_a70.jpg,0.878,329,452,0.004,801,452,0.000,445,645,0.404,309,389
307,1781507091954557568,Left,1,307_rgb.jpg,307_a30.jpg,307_a50.jpg,307_a70.jpg,0.918,335,463,0.000,681,412,0.388,528,837,0.404,309,399
308,1781507092204557568,Teleoperator,1,308_rgb.jpg,308_a30.jpg,308_a50.jpg,308_a70.jpg,0.000,328,400,0.000,682,414,0.643,531,719,0.000,0,0
309,1781507092454557568,Left,1,309_rgb.jpg,309_a30.jpg,309_a50.jpg,309_a70.jpg,0.761,356,473,0.000,682,415,0.004,440,645,0.067,304,408
310,1781507092704557568,Left,0,310_rgb.jpg,310_a30.jpg,310_a50.jpg,310_a70.jpg,0.945,327,463,0.000,681,410,0.000,481,645,0.361,311,386
311,1781507092954557568,Right,0,311_rgb.jpg,311_a30.jpg,311_a50.jpg,311_a70.jpg,0.012,302,425,0.808,744,442,0.000,377,645,0.027,749,366
312,1781507093204557568,Right,0,312_rgb.jpg,312_a30.jpg,312_a50.jpg,312_a70.jpg,0.000,300,392,0.859,731,457,0.000,377,645,0.090,748,378
313,1781507093454557568,Right,0,313_rgb.jpg,313_a30.jpg,313_a50.jpg,313_a70.jpg,0.000,302,396,0.902,731,446,0.000,377,645,0.161,740,364
314,1781507093704557568,Right,0,314_rgb.jpg,314_a30.jpg,314_a50.jpg,314_a70.jpg,0.000,296,387,0.800,733,446,0.000,377,645,0.035,747,356
315,1781507093954557568,Right,0,315_rgb.jpg,315_a30.jpg,315_a50.jpg,315_a70.jpg,0.000,296,386,0.800,730,465,0.000,377,645,0.043,722,376
316,1781507094204557568,Right,0,316_rgb.jpg,316_a30.jpg,316_a50.jpg,316_a70.jpg,0.000,299,388,0.867,721,444,0.000,377,645,0.106,739,358
317,1781507094454557568,Right,0,317_rgb.jpg,317_a30.jpg,317_a50.jpg,317_a70.jpg,0.000,297,385,0.847,714,469,0.000,377,645,0.098,723,385
318,1781507094704557568,Right,0,318_rgb.jpg,318_a30.jpg,318_a50.jpg,318_a70.jpg,0.000,298,386,0.784,717,463,0.000,377,645,0.051,723,378
319,1781507094954557568,Right,0,319_rgb.jpg,319_a30.jpg,319_a50.jpg,319_a70.jpg,0.000,298,387,0.851,716,467,0.000,377,645,0.094,718,386
320,1781507095204557568,Right,0,320_rgb.jpg,320_a30.jpg,320_a50.jpg,320_a70.jpg,0.247,300,455,0.827,716,469,0.000,434,645,0.255,277,453
321,1781507095454557568,Left,0,321_rgb.jpg,321_a30.jpg,321_a50.jpg,321_a70.jpg,0.812,302,439,0.071,805,455,0.000,460,645,0.651,238,396
322,1781507095704557568,Others,0,322_rgb.jpg,322_a30.jpg,322_a50.jpg,322_a70.jpg,0.651,304,447,0.035,806,459,0.000,453,645,0.663,261,433
323,1781507095954557568,Left,0,323_rgb.jpg,323_a30.jpg,323_a50.jpg,323_a70.jpg,0.941,328,463,0.000,673,409,0.000,476,645,0.337,306,380
324,1781507096204557568,Left,0,324_rgb.jpg,324_a30.jpg,324_a50.jpg,324_a70.jpg,0.922,359,461,0.000,664,406,0.000,471,645,0.239,336,378
325,1781507096454557568,Left,0,325_rgb.jpg,325_a30.jpg,325_a50.jpg,325_a70.jpg,0.922,346,458,0.000,655,403,0.000,457,645,0.239,325,374
326,1781507096704557568,Left,0,326_rgb.jpg,326_a30.jpg,326_a50.jpg,326_a70.jpg,0.929,345,456,0.000,652,404,0.000,460,645,0.263,322,373
327,1781507096954557568,Left,0,327_rgb.jpg,327_a30.jpg,327_a50.jpg,327_a70.jpg,0.792,308,458,0.016,803,453,0.000,466,645,0.514,280,421
328,1781507097204557568,Others,0,328_rgb.jpg,328_a30.jpg,328_a50.jpg,328_a70.jpg,0.522,305,447,0.216,781,454,0.000,476,645,0.671,223,451
329,1781507097454557568,Right,0,329_rgb.jpg,329_a30.jpg,329_a50.jpg,329_a70.jpg,0.004,306,453,0.690,715,465,0.000,377,645,0.020,683,256
330,1781507097704557568,Right,0,330_rgb.jpg,330_a30.jpg,330_a50.jpg,330_a70.jpg,0.000,306,394,0.867,732,451,0.000,377,645,0.125,750,357
331,1781507097954557568,Right,0,331_rgb.jpg,331_a30.jpg,331_a50.jpg,331_a70.jpg,0.000,306,394,0.843,717,453,0.000,377,645,0.102,749,360
332,1781507098204557568,Right,0,332_rgb.jpg,332_a30.jpg,332_a50.jpg,332_a70.jpg,0.000,306,394,0.824,730,452,0.000,377,645,0.067,743,365
333,1781507098454557568,Right,0,333_rgb.jpg,333_a30.jpg,333_a50.jpg,333_a70.jpg,0.004,311,427,0.816,734,442,0.000,377,645,0.063,746,351
334,1781507098704557568,Right,0,334_rgb.jpg,334_a30.jpg,334_a50.jpg,334_a70.jpg,0.000,310,394,0.792,733,449,0.000,377,645,0.039,748,360
335,1781507098954557568,Right,0,335_rgb.jpg,335_a30.jpg,335_a50.jpg,335_a70.jpg,0.000,312,393,0.824,730,452,0.000,377,645,0.067,744,364
336,1781507099204557568,Right,0,336_rgb.jpg,336_a30.jpg,336_a50.jpg,336_a70.jpg,0.035,312,412,0.898,734,447,0.000,377,645,0.227,750,359
337,1781507099454557568,Others,0,337_rgb.jpg,337_a30.jpg,337_a50.jpg,337_a70.jpg,0.561,309,416,0.451,755,474,0.000,438,645,0.690,191,382
338,1781507099704557568,Others,0,338_rgb.jpg,338_a30.jpg,338_a50.jpg,338_a70.jpg,0.667,309,410,0.118,814,475,0.000,452,645,0.706,221,368
339,1781507099954557568,Teleoperator,1,339_rgb.jpg,339_a30.jpg,339_a50.jpg,339_a70.jpg,0.008,310,396,0.000,659,381,0.333,531,836,0.012,172,360
340,1781507100204557568,Teleoperator,1,340_rgb.jpg,340_a30.jpg,340_a50.jpg,340_a70.jpg,0.000,307,394,0.000,660,390,0.373,531,832,0.000,0,0
341,1781507100454557568,Teleoperator,1,341_rgb.jpg,341_a30.jpg,341_a50.jpg,341_a70.jpg,0.012,344,476,0.000,652,385,0.424,533,828,0.000,0,0
342,1781507100704557568,Left,1,342_rgb.jpg,342_a30.jpg,342_a50.jpg,342_a70.jpg,0.816,343,476,0.000,671,402,0.118,530,831,0.231,303,421
343,1781507100954557568,Teleoperator,1,343_rgb.jpg,343_a30.jpg,343_a50.jpg,343_a70.jpg,0.004,303,406,0.000,656,402,0.325,530,838,0.004,282,406
344,1781507101204557568,Teleoperator,1,344_rgb.jpg,344_a30.jpg,344_a50.jpg,344_a70.jpg,0.078,303,455,0.000,664,403,0.345,531,836,0.055,278,425
345,1781507101454557568,Teleoperator,1,345_rgb.jpg,345_a30.jpg,345_a50.jpg,345_a70.jpg,0.000,306,395,0.000,670,402,0.380,532,770,0.004,531,224
346,1781507101704557568,Teleoperator,1,346_rgb.jpg,346_a30.jpg,346_a50.jpg,346_a70.jpg,0.000,301,390,0.000,669,401,0.439,531,792,0.000,0,0
347,1781507101954557568,Teleoperator,1,347_rgb.jpg,347_a30.jpg,347_a50.jpg,347_a70.jpg,0.000,300,390,0.000,663,402,0.490,532,826,0.000,0,0
348,1781507102204557568,Teleoperator,1,348_rgb.jpg,348_a30.jpg,348_a50.jpg,348_a70.jpg,0.000,300,390,0.000,672,406,0.502,531,823,0.000,0,0
349,1781507102454557568,Teleoperator,1,349_rgb.jpg,349_a30.jpg,349_a50.jpg,349_a70.jpg,0.027,300,437,0.000,673,407,0.322,530,835,0.027,209,414
350,1781507102704557568,Others,0,350_rgb.jpg,350_a30.jpg,350_a50.jpg,350_a70.jpg,0.561,308,429,0.031,804,458,0.000,456,645,0.671,191,396
351,1781507102954557568,Left,0,351_rgb.jpg,351_a30.jpg,351_a50.jpg,351_a70.jpg,0.682,308,436,0.047,806,462,0.000,457,645,0.671,206,403
352,1781507103204557568,Others,0,352_rgb.jpg,352_a30.jpg,352_a50.jpg,352_a70.jpg,0.655,306,437,0.067,799,458,0.000,462,645,0.694,199,409
353,1781507103454557568,Others,0,353_rgb.jpg,353_a30.jpg,353_a50.jpg,353_a70.jpg,0.612,302,429,0.043,806,464,0.000,454,645,0.675,192,394
354,1781507103704557568,Others,0,354_rgb.jpg,354_a30.jpg,354_a50.jpg,354_a70.jpg,0.671,302,433,0.067,802,450,0.000,465,645,0.682,210,403
355,1781507103954557568,Others,0,355_rgb.jpg,355_a30.jpg,355_a50.jpg,355_a70.jpg,0.627,302,444,0.059,801,456,0.000,488,645,0.686,209,426
356,1781507104204557568,Others,0,356_rgb.jpg,356_a30.jpg,356_a50.jpg,356_a70.jpg,0.522,303,447,0.016,802,448,0.000,496,645,0.576,526,103
357,1781507104454557568,Left,0,357_rgb.jpg,357_a30.jpg,357_a50.jpg,357_a70.jpg,0.694,303,447,0.055,806,457,0.000,476,645,0.671,210,423
358,1781507104704557568,Others,0,358_rgb.jpg,358_a30.jpg,358_a50.jpg,358_a70.jpg,0.643,304,447,0.031,804,462,0.000,460,645,0.686,209,427
359,1781507104954557568,Others,0,359_rgb.jpg,359_a30.jpg,359_a50.jpg,359_a70.jpg,0.576,302,447,0.063,801,447,0.000,474,645,0.682,211,441
360,1781507105204557568,Others,0,360_rgb.jpg,360_a30.jpg,360_a50.jpg,360_a70.jpg,0.608,302,445,0.039,805,458,0.000,461,645,0.678,209,427
361,1781507105454557568,Others,0,361_rgb.jpg,361_a30.jpg,361_a50.jpg,361_a70.jpg,0.675,298,441,0.043,807,450,0.000,449,645,0.706,208,418
362,1781507105704557568,Others,0,362_rgb.jpg,362_a30.jpg,362_a50.jpg,362_a70.jpg,0.678,299,441,0.078,808,453,0.000,443,645,0.682,208,417
363,1781507105954557568,Left,0,363_rgb.jpg,363_a30.jpg,363_a50.jpg,363_a70.jpg,0.765,295,443,0.098,807,460,0.000,463,645,0.655,209,417
364,1781507106204557568,Left,0,364_rgb.jpg,364_a30.jpg,364_a50.jpg,364_a70.jpg,0.769,296,430,0.059,805,446,0.000,449,645,0.639,227,388
365,1781507106454557568,Left,0,365_rgb.jpg,365_a30.jpg,365_a50.jpg,365_a70.jpg,0.698,296,429,0.082,801,445,0.000,459,645,0.655,226,394
366,1781507106704557568,Left,0,366_rgb.jpg,366_a30.jpg,366_a50.jpg,366_a70.jpg,0.737,296,433,0.098,801,454,0.000,454,645,0.651,227,403
367,1781507106954557568,Left,0,367_rgb.jpg,367_a30.jpg,367_a50.jpg,367_a70.jpg,0.694,298,428,0.086,807,473,0.000,423,645,0.635,218,390
368,1781507107204557568,Left,0,368_rgb.jpg,368_a30.jpg,368_a50.jpg,368_a70.jpg,0.749,298,440,0.055,806,448,0.000,443,645,0.667,208,409
369,1781507107454557568,Left,0,369_rgb.jpg,369_a30.jpg,369_a50.jpg,369_a70.jpg,0.796,300,436,0.059,807,436,0.000,443,645,0.612,226,392
370,1781507107704557568,Left,0,370_rgb.jpg,370_a30.jpg,370_a50.jpg,370_a70.jpg,0.749,302,446,0.063,799,452,0.000,447,645,0.612,238,415
371,1781507107954557568,Left,0,371_rgb.jpg,371_a30.jpg,371_a50.jpg,371_a70.jpg,0.737,303,446,0.027,799,443,0.000,450,645,0.608,243,419
372,1781507108204557568,Left,0,372_rgb.jpg,372_a30.jpg,372_a50.jpg,372_a70.jpg,0.839,345,454,0.016,801,439,0.000,426,645,0.188,342,375
373,1781507108454557568,Left,0,373_rgb.jpg,373_a30.jpg,373_a50.jpg,373_a70.jpg,0.898,334,446,0.000,664,406,0.000,411,645,0.216,326,360
374,1781507108704557568,Left,0,374_rgb.jpg,374_a30.jpg,374_a50.jpg,374_a70.jpg,0.922,328,446,0.000,662,405,0.000,421,645,0.259,311,368
375,1781507108954557568,Left,0,375_rgb.jpg,375_a30.jpg,375_a50.jpg,375_a70.jpg,0.875,344,431,0.000,662,405,0.000,377,645,0.122,303,341
376,1781507109204557568,Left,0,376_rgb.jpg,376_a30.jpg,376_a50.jpg,376_a70.jpg,0.890,344,428,0.000,662,405,0.000,377,645,0.176,329,330
377,1781507109454557568,Left,0,377_rgb.jpg,377_a30.jpg,377_a50.jpg,377_a70.jpg,0.906,344,418,0.000,664,406,0.000,377,645,0.231,328,323
378,1781507109704557568,Right,0,378_rgb.jpg,378_a30.jpg,378_a50.jpg,378_a70.jpg,0.000,305,394,0.627,697,461,0.000,377,645,0.012,697,397
379,1781507109954557568,Right,1,379_rgb.jpg,379_a30.jpg,379_a50.jpg,379_a70.jpg,0.000,305,393,0.835,705,458,0.000,377,645,0.090,726,367
380,1781507110204557568,Teleoperator,1,380_rgb.jpg,380_a30.jpg,380_a50.jpg,380_a70.jpg,0.000,304,391,0.000,671,398,0.353,531,828,0.000,0,0
381,1781507110454557568,Teleoperator,1,381_rgb.jpg,381_a30.jpg,381_a50.jpg,381_a70.jpg,0.000,303,392,0.000,676,404,1.000,498,667,0.165,521,96
382,1781507110704557568,Teleoperator,1,382_rgb.jpg,382_a30.jpg,382_a50.jpg,382_a70.jpg,0.000,306,394,0.000,673,401,1.000,498,667,0.071,526,100
383,1781507110954557568,Teleoperator,1,383_rgb.jpg,383_a30.jpg,383_a50.jpg,383_a70.jpg,0.000,303,391,0.000,676,388,0.467,531,824,0.000,0,0
384,1781507111204557568,Teleoperator,1,384_rgb.jpg,384_a30.jpg,384_a50.jpg,384_a70.jpg,0.000,305,394,0.000,673,390,0.443,530,836,0.000,0,0
385,1781507111454557568,Teleoperator,1,385_rgb.jpg,385_a30.jpg,385_a50.jpg,385_a70.jpg,0.000,305,394,0.000,670,398,0.847,530,843,0.000,0,0
386,1781507111704557568,Teleoperator,1,386_rgb.jpg,386_a30.jpg,386_a50.jpg,386_a70.jpg,0.000,305,394,0.000,677,409,1.000,515,667,0.094,528,97
387,1781507111954557568,Teleoperator,1,387_rgb.jpg,387_a30.jpg,387_a50.jpg,387_a70.jpg,0.000,305,394,0.000,675,411,1.000,498,650,0.055,528,104
388,1781507112204557568,Teleoperator,1,388_rgb.jpg,388_a30.jpg,388_a50.jpg,388_a70.jpg,0.000,304,394,0.000,677,412,0.525,531,706,0.071,529,107
389,1781507112454557568,Teleoperator,1,389_rgb.jpg,389_a30.jpg,389_a50.jpg,389_a70.jpg,0.000,305,394,0.000,677,412,0.490,535,831,0.000,0,0
390,1781507112704557568,Left,0,390_rgb.jpg,390_a30.jpg,390_a50.jpg,390_a70.jpg,0.831,345,467,0.000,678,413,0.000,441,645,0.110,361,363
391,1781507112954557568,Left,0,391_rgb.jpg,391_a30.jpg,391_a50.jpg,391_a70.jpg,0.894,345,464,0.000,678,412,0.000,449,645,0.184,328,381
392,1781507113204557568,Left,0,392_rgb.jpg,392_a30.jpg,392_a50.jpg,392_a70.jpg,0.914,345,461,0.000,679,413,0.000,455,645,0.216,320,380
393,1781507113454557568,Left,0,393_rgb.jpg,393_a30.jpg,393_a50.jpg,393_a70.jpg,0.906,345,458,0.000,675,403,0.000,440,645,0.216,328,376
394,1781507113704557568,Left,0,394_rgb.jpg,394_a30.jpg,394_a50.jpg,394_a70.jpg,0.918,334,455,0.000,675,389,0.000,405,645,0.231,320,372
395,1781507113954557568,Left,0,395_rgb.jpg,395_a30.jpg,395_a50.jpg,395_a70.jpg,0.694,304,448,0.024,811,455,0.000,468,645,0.690,260,432
396,1781507114204557568,Right,0,396_rgb.jpg,396_a30.jpg,396_a50.jpg,396_a70.jpg,0.008,307,405,0.671,723,446,0.000,377,645,0.020,700,280
397,1781507114454557568,Right,0,397_rgb.jpg,397_a30.jpg,397_a50.jpg,397_a70.jpg,0.000,307,396,0.839,730,455,0.000,377,645,0.110,721,367
398,1781507114704557568,Right,0,398_rgb.jpg,398_a30.jpg,398_a50.jpg,398_a70.jpg,0.000,307,396,0.863,724,460,0.000,377,645,0.110,745,373
399,1781507114954557568,Right,1,399_rgb.jpg,399_a30.jpg,399_a50.jpg,399_a70.jpg,0.000,306,395,0.839,713,459,0.000,377,645,0.094,741,369
400,1781507115204557568,Teleoperator,1,400_rgb.jpg,400_a30.jpg,400_a50.jpg,400_a70.jpg,0.000,306,395,0.000,677,411,0.396,531,817,0.004,525,98
401,1781507115454557568,Teleoperator,1,401_rgb.jpg,401_a30.jpg,401_a50.jpg,401_a70.jpg,0.000,306,395,0.000,677,411,1.000,532,650,0.333,514,98
402,1781507115704557568,Teleoperator,1,402_rgb.jpg,402_a30.jpg,402_a50.jpg,402_a70.jpg,0.000,306,395,0.000,677,411,1.000,515,683,0.078,530,100
403,1781507115954557568,Teleoperator,1,403_rgb.jpg,403_a30.jpg,403_a50.jpg,403_a70.jpg,0.000,306,395,0.000,677,411,0.302,531,823,0.039,527,100
404,1781507116204557568,Left,1,404_rgb.jpg,404_a30.jpg,404_a50.jpg,404_a70.jpg,0.506,361,458,0.039,782,459,0.396,530,834,0.075,379,331
405,1781507116454557568,Teleoperator,1,405_rgb.jpg,405_a30.jpg,405_a50.jpg,405_a70.jpg,0.125,306,462,0.314,767,493,0.318,544,835,0.141,807,445
406,1781507116704557568,Left,0,406_rgb.jpg,406_a30.jpg,406_a50.jpg,406_a70.jpg,0.702,307,446,0.161,806,473,0.000,472,645,0.690,259,430
407,1781507116954557568,Others,0,407_rgb.jpg,407_a30.jpg,407_a50.jpg,407_a70.jpg,0.627,324,434,0.137,805,476,0.000,470,645,0.718,242,414
408,1781507117204557568,Others,0,408_rgb.jpg,408_a30.jpg,408_a50.jpg,408_a70.jpg,0.576,326,440,0.024,806,478,0.000,477,645,0.663,250,422
409,1781507117454557568,Others,0,409_rgb.jpg,409_a30.jpg,409_a50.jpg,409_a70.jpg,0.592,323,444,0.012,806,455,0.000,478,645,0.643,261,431
410,1781507117704557568,Left,0,410_rgb.jpg,410_a30.jpg,410_a50.jpg,410_a70.jpg,0.702,323,446,0.008,806,467,0.000,479,645,0.588,260,420
411,1781507117954557568,Right,0,411_rgb.jpg,411_a30.jpg,411_a50.jpg,411_a70.jpg,0.490,323,451,0.882,764,468,0.000,478,645,0.455,807,434
412,1781507118204557568,Right,0,412_rgb.jpg,412_a30.jpg,412_a50.jpg,412_a70.jpg,0.031,323,442,0.882,747,464,0.000,377,645,0.129,750,384
413,1781507118454557568,Right,0,413_rgb.jpg,413_a30.jpg,413_a50.jpg,413_a70.jpg,0.035,323,439,0.867,750,475,0.000,377,645,0.149,766,396
414,1781507118704557568,Left,0,414_rgb.jpg,414_a30.jpg,414_a50.jpg,414_a70.jpg,0.725,324,439,0.067,799,469,0.000,467,645,0.600,254,405
415,1781507118954557568,Others,0,415_rgb.jpg,415_a30.jpg,415_a50.jpg,415_a70.jpg,0.188,323,433,0.004,811,462,0.000,434,645,0.212,530,96
416,1781507119204557568,Left,0,416_rgb.jpg,416_a30.jpg,416_a50.jpg,416_a70.jpg,0.608,323,436,0.176,784,456,0.000,460,645,0.518,548,102
417,1781507119454557568,Right,0,417_rgb.jpg,417_a30.jpg,417_a50.jpg,417_a70.jpg,0.086,323,433,0.894,767,449,0.000,393,645,0.259,777,373
418,1781507119704557568,Left,0,418_rgb.jpg,418_a30.jpg,418_a50.jpg,418_a70.jpg,0.722,323,437,0.306,783,461,0.000,469,645,0.584,243,402
419,1781507119954557568,Left,0,419_rgb.jpg,419_a30.jpg,419_a50.jpg,419_a70.jpg,0.769,323,430,0.008,807,452,0.000,487,645,0.624,231,387
420,1781507120204557568,Left,0,420_rgb.jpg,420_a30.jpg,420_a50.jpg,420_a70.jpg,0.722,325,437,0.016,806,463,0.000,482,645,0.616,242,401
421,1781507120454557568,Others,0,421_rgb.jpg,421_a30.jpg,421_a50.jpg,421_a70.jpg,0.020,323,427,0.000,676,408,0.000,377,645,0.102,514,95
422,1781507120704557568,Teleoperator,1,422_rgb.jpg,422_a30.jpg,422_a50.jpg,422_a70.jpg,0.000,323,390,0.000,677,409,0.212,531,839,0.016,522,95
423,1781507120954557568,Teleoperator,1,423_rgb.jpg,423_a30.jpg,423_a50.jpg,423_a70.jpg,0.000,323,390,0.000,678,410,0.400,530,837,0.000,0,0
424,1781507121204557568,Teleoperator,1,424_rgb.jpg,424_a30.jpg,424_a50.jpg,424_a70.jpg,0.000,323,390,0.000,677,404,0.255,537,841,0.000,0,0
425,1781507121454557568,Teleoperator,1,425_rgb.jpg,425_a30.jpg,425_a50.jpg,425_a70.jpg,0.000,323,390,0.000,673,401,0.576,530,777,0.008,529,513
426,1781507121704557568,Teleoperator,1,426_rgb.jpg,426_a30.jpg,426_a50.jpg,426_a70.jpg,0.004,436,411,0.000,670,386,0.710,531,658,0.118,514,474
427,1781507121954557568,Teleoperator,1,427_rgb.jpg,427_a30.jpg,427_a50.jpg,427_a70.jpg,0.000,298,386,0.000,670,386,0.314,530,832,0.000,0,0
428,1781507122204557568,Teleoperator,1,428_rgb.jpg,428_a30.jpg,428_a50.jpg,428_a70.jpg,0.000,299,387,0.000,670,386,0.255,531,840,0.000,0,0
429,1781507122454557568,Teleoperator,1,429_rgb.jpg,429_a30.jpg,429_a50.jpg,429_a70.jpg,0.000,297,385,0.000,671,385,0.388,531,834,0.000,0,0
430,1781507122704557568,Right,1,430_rgb.jpg,430_a30.jpg,430_a50.jpg,430_a70.jpg,0.000,300,388,0.749,715,453,0.216,539,839,0.063,701,323
431,1781507122954557568,Teleoperator,1,431_rgb.jpg,431_a30.jpg,431_a50.jpg,431_a70.jpg,0.000,299,387,0.000,677,408,0.353,530,841,0.000,0,0
432,1781507123204557568,Teleoperator,1,432_rgb.jpg,432_a30.jpg,432_a50.jpg,432_a70.jpg,0.000,299,387,0.000,673,404,0.353,531,840,0.000,0,0
433,1781507123454557568,Right,1,433_rgb.jpg,433_a30.jpg,433_a50.jpg,433_a70.jpg,0.000,299,387,0.792,727,457,0.000,377,645,0.039,748,371
434,1781507123704557568,Right,0,434_rgb.jpg,434_a30.jpg,434_a50.jpg,434_a70.jpg,0.000,299,387,0.820,716,450,0.000,377,645,0.067,739,363
435,1781507123954557568,Right,0,435_rgb.jpg,435_a30.jpg,435_a50.jpg,435_a70.jpg,0.000,299,387,0.835,715,453,0.000,377,645,0.075,733,368
436,1781507124204557568,Right,0,436_rgb.jpg,436_a30.jpg,436_a50.jpg,436_a70.jpg,0.008,299,457,0.839,750,462,0.000,377,645,0.075,753,381
437,1781507124454557568,Right,0,437_rgb.jpg,437_a30.jpg,437_a50.jpg,437_a70.jpg,0.000,299,387,0.835,700,463,0.000,377,645,0.047,715,379
438,1781507124704557568,Right,0,438_rgb.jpg,438_a30.jpg,438_a50.jpg,438_a70.jpg,0.000,299,387,0.808,715,461,0.000,377,645,0.051,732,373
439,1781507124954557568,Right,0,439_rgb.jpg,439_a30.jpg,439_a50.jpg,439_a70.jpg,0.000,299,387,0.831,734,452,0.000,377,645,0.082,742,366
440,1781507125204557568,Left,0,440_rgb.jpg,440_a30.jpg,440_a50.jpg,440_a70.jpg,0.902,308,436,0.078,812,448,0.000,443,645,0.486,270,375
441,1781507125454557568,Left,0,441_rgb.jpg,441_a30.jpg,441_a50.jpg,441_a70.jpg,0.918,327,438,0.012,814,449,0.000,429,645,0.286,306,363
442,1781507125704557568,Teleoperator,1,442_rgb.jpg,442_a30.jpg,442_a50.jpg,442_a70.jpg,0.004,299,387,0.000,676,405,0.294,531,838,0.000,0,0
443,1781507125954557568,Teleoperator,1,443_rgb.jpg,443_a30.jpg,443_a50.jpg,443_a70.jpg,0.000,299,387,0.000,676,405,0.353,531,834,0.000,0,0
444,1781507126204557568,Teleoperator,1,444_rgb.jpg,444_a30.jpg,444_a50.jpg,444_a70.jpg,0.000,299,387,0.000,675,404,0.376,530,833,0.000,0,0
445,1781507126454557568,Right,1,445_rgb.jpg,445_a30.jpg,445_a50.jpg,445_a70.jpg,0.000,299,387,0.796,730,457,0.000,377,645,0.059,742,364
446,1781507126704557568,Right,1,446_rgb.jpg,446_a30.jpg,446_a50.jpg,446_a70.jpg,0.000,304,392,0.910,765,442,0.000,377,645,0.243,765,362
447,1781507126954557568,Right,0,447_rgb.jpg,447_a30.jpg,447_a50.jpg,447_a70.jpg,0.000,305,393,0.890,746,450,0.000,377,645,0.180,765,363
448,1781507127204557568,Right,0,448_rgb.jpg,448_a30.jpg,448_a50.jpg,448_a70.jpg,0.020,303,451,0.902,750,438,0.000,377,645,0.235,751,356
449,1781507127454557568,Left,0,449_rgb.jpg,449_a30.jpg,449_a50.jpg,449_a70.jpg,0.820,305,446,0.047,805,451,0.000,477,645,0.588,238,397
450,1781507127704557568,Left,0,450_rgb.jpg,450_a30.jpg,450_a50.jpg,450_a70.jpg,0.816,304,438,0.031,812,448,0.000,460,645,0.600,228,389
451,1781507127954557568,Left,0,451_rgb.jpg,451_a30.jpg,451_a50.jpg,451_a70.jpg,0.820,304,448,0.114,784,490,0.000,475,645,0.604,243,405
452,1781507128204557568,Left,0,452_rgb.jpg,452_a30.jpg,452_a50.jpg,452_a70.jpg,0.918,311,459,0.376,783,471,0.000,524,645,0.573,295,399
453,1781507128454557568,Left,0,453_rgb.jpg,453_a30.jpg,453_a50.jpg,453_a70.jpg,0.890,304,456,0.102,827,484,0.000,520,645,0.565,293,400
454,1781507128704557568,Left,0,454_rgb.jpg,454_a30.jpg,454_a50.jpg,454_a70.jpg,0.675,320,444,0.020,826,455,0.000,478,645,0.616,257,421
455,1781507128954557568,Left,0,455_rgb.jpg,455_a30.jpg,455_a50.jpg,455_a70.jpg,0.639,320,448,0.055,826,465,0.000,472,645,0.600,267,434
456,1781507129204557568,Others,0,456_rgb.jpg,456_a30.jpg,456_a50.jpg,456_a70.jpg,0.533,321,449,0.031,818,472,0.000,463,645,0.624,276,447
457,1781507129454557568,Left,0,457_rgb.jpg,457_a30.jpg,457_a50.jpg,457_a70.jpg,0.651,309,455,0.020,824,465,0.000,469,645,0.620,268,443
458,1781507129704557568,Left,0,458_rgb.jpg,458_a30.jpg,458_a50.jpg,458_a70.jpg,0.663,305,455,0.031,817,476,0.000,468,645,0.604,261,441
459,1781507129954557568,Others,0,459_rgb.jpg,459_a30.jpg,459_a50.jpg,459_a70.jpg,0.631,306,455,0.043,827,477,0.000,472,645,0.643,531,106
460,1781507130204557568,Right,0,460_rgb.jpg,460_a30.jpg,460_a50.jpg,460_a70.jpg,0.000,304,389,0.816,733,453,0.000,377,645,0.078,750,368
461,1781507130454557568,Right,0,461_rgb.jpg,461_a30.jpg,461_a50.jpg,461_a70.jpg,0.000,305,391,0.824,733,457,0.000,377,645,0.071,751,371
462,1781507130704557568,Right,0,462_rgb.jpg,462_a30.jpg,462_a50.jpg,462_a70.jpg,0.000,305,390,0.851,732,452,0.000,377,645,0.106,767,365
463,1781507130954557568,Right,0,463_rgb.jpg,463_a30.jpg,463_a50.jpg,463_a70.jpg,0.647,303,452,0.722,766,459,0.000,463,645,0.616,261,439
464,1781507131204557568,Others,0,464_rgb.jpg,464_a30.jpg,464_a50.jpg,464_a70.jpg,0.624,305,448,0.051,812,476,0.000,451,645,0.643,255,436
465,1781507131454557568,Right,0,465_rgb.jpg,465_a30.jpg,465_a50.jpg,465_a70.jpg,0.008,303,463,0.698,733,469,0.000,377,645,0.020,740,405
466,1781507131704557568,Right,0,466_rgb.jpg,466_a30.jpg,466_a50.jpg,466_a70.jpg,0.000,304,391,0.624,732,469,0.000,377,645,0.004,697,114
467,1781507131954557568,Right,0,467_rgb.jpg,467_a30.jpg,467_a50.jpg,467_a70.jpg,0.000,302,390,0.678,730,467,0.000,377,645,0.004,697,114
468,1781507132204557568,Right,0,468_rgb.jpg,468_a30.jpg,468_a50.jpg,468_a70.jpg,0.204,302,440,0.820,749,465,0.000,410,645,0.306,811,432
469,1781507132454557568,Left,0,469_rgb.jpg,469_a30.jpg,469_a50.jpg,469_a70.jpg,0.894,362,465,0.000,679,411,0.000,469,645,0.188,303,402
470,1781507132704557568,Left,0,470_rgb.jpg,470_a30.jpg,470_a50.jpg,470_a70.jpg,0.898,359,444,0.000,679,405,0.000,482,645,0.208,324,357
471,1781507132954557568,Left,1,471_rgb.jpg,471_a30.jpg,471_a50.jpg,471_a70.jpg,0.902,345,444,0.000,679,404,0.004,486,645,0.196,327,353
472,1781507133204557568,Teleoperator,1,472_rgb.jpg,472_a30.jpg,472_a50.jpg,472_a70.jpg,0.000,299,389,0.000,697,391,0.506,531,800,0.004,528,98
473,1781507133454557568,Teleoperator,1,473_rgb.jpg,473_a30.jpg,473_a50.jpg,473_a70.jpg,0.000,299,389,0.000,685,383,1.000,498,650,0.169,528,100
474,1781507133704557568,Teleoperator,1,474_rgb.jpg,474_a30.jpg,474_a50.jpg,474_a70.jpg,0.004,420,403,0.000,675,384,1.000,413,645,1.000,498,110
475,1781507133954557568,Teleoperator,1,475_rgb.jpg,475_a30.jpg,475_a50.jpg,475_a70.jpg,0.000,299,389,0.000,678,385,1.000,447,645,0.545,519,536
476,1781507134204557568,Teleoperator,1,476_rgb.jpg,476_a30.jpg,476_a50.jpg,476_a70.jpg,0.000,307,397,0.000,678,387,0.353,532,836,0.000,0,0
477,1781507134454557568,Teleoperator,1,477_rgb.jpg,477_a30.jpg,477_a50.jpg,477_a70.jpg,0.000,305,394,0.000,677,387,0.329,531,837,0.000,0,0
478,1781507134704557568,Others,0,478_rgb.jpg,478_a30.jpg,478_a50.jpg,478_a70.jpg,0.078,303,433,0.004,709,386,0.000,405,645,0.141,526,95
479,1781507134954557568,Left,0,479_rgb.jpg,479_a30.jpg,479_a50.jpg,479_a70.jpg,0.725,305,447,0.043,673,387,0.000,575,645,0.694,550,108
480,1781507135204557568,Left,0,480_rgb.jpg,480_a30.jpg,480_a50.jpg,480_a70.jpg,0.780,300,446,0.035,703,368,0.000,535,645,0.667,253,421
481,1781507135454557568,Left,0,481_rgb.jpg,481_a30.jpg,481_a50.jpg,481_a70.jpg,0.686,301,432,0.043,782,435,0.000,457,645,0.675,192,386
482,1781507135704557568,Left,0,482_rgb.jpg,482_a30.jpg,482_a50.jpg,482_a70.jpg,0.878,302,444,0.039,800,432,0.000,456,645,0.600,235,394
483,1781507135954557568,Left,0,483_rgb.jpg,483_a30.jpg,483_a50.jpg,483_a70.jpg,0.765,301,442,0.020,814,415,0.000,465,645,0.655,238,409
484,1781507136204557568,Left,0,484_rgb.jpg,484_a30.jpg,484_a50.jpg,484_a70.jpg,0.835,302,440,0.016,815,398,0.000,467,645,0.596,230,387
485,1781507136454557568,Left,0,485_rgb.jpg,485_a30.jpg,485_a50.jpg,485_a70.jpg,0.804,301,427,0.031,814,413,0.000,457,645,0.627,225,372
486,1781507136704557568,Left,0,486_rgb.jpg,486_a30.jpg,486_a50.jpg,486_a70.jpg,0.788,300,432,0.020,816,418,0.000,456,645,0.659,226,380
487,1781507136954557568,Left,0,487_rgb.jpg,487_a30.jpg,487_a50.jpg,487_a70.jpg,0.784,302,438,0.031,817,432,0.000,470,645,0.682,226,393
488,1781507137204557568,Left,0,488_rgb.jpg,488_a30.jpg,488_a50.jpg,488_a70.jpg,0.776,301,427,0.031,813,427,0.000,448,645,0.667,224,377
489,1781507137454557568,Left,0,489_rgb.jpg,489_a30.jpg,489_a50.jpg,489_a70.jpg,0.773,299,434,0.024,809,440,0.000,442,645,0.667,223,393
490,1781507137704557568,Right,0,490_rgb.jpg,490_a30.jpg,490_a50.jpg,490_a70.jpg,0.000,298,387,0.839,734,419,0.000,377,645,0.133,743,329
491,1781507137954557568,Right,0,491_rgb.jpg,491_a30.jpg,491_a50.jpg,491_a70.jpg,0.000,300,389,0.827,733,418,0.000,377,645,0.129,742,322
492,1781507138204557568,Right,0,492_rgb.jpg,492_a30.jpg,492_a50.jpg,492_a70.jpg,0.000,300,389,0.796,732,420,0.000,377,645,0.094,762,323
493,1781507138454557568,Right,0,493_rgb.jpg,493_a30.jpg,493_a50.jpg,493_a70.jpg,0.000,301,390,0.875,745,411,0.000,377,645,0.180,762,320
494,1781507138704557568,Right,0,494_rgb.jpg,494_a30.jpg,494_a50.jpg,494_a70.jpg,0.000,303,389,0.839,744,420,0.000,377,645,0.149,757,332
495,1781507138954557568,Right,0,495_rgb.jpg,495_a30.jpg,495_a50.jpg,495_a70.jpg,0.133,303,426,0.816,746,428,0.000,383,645,0.165,765,350
496,1781507139204557568,Others,0,496_rgb.jpg,496_a30.jpg,496_a50.jpg,496_a70.jpg,0.067,303,423,0.012,767,414,0.000,377,645,0.220,546,99
497,1781507139454557568,Left,0,497_rgb.jpg,497_a30.jpg,497_a50.jpg,497_a70.jpg,0.702,362,450,0.024,813,446,0.000,377,645,0.024,357,263
498,1781507139704557568,Right,0,498_rgb.jpg,498_a30.jpg,498_a50.jpg,498_a70.jpg,0.000,303,389,0.859,750,444,0.000,377,645,0.133,750,349
499,1781507139954557568,Right,0,499_rgb.jpg,499_a30.jpg,499_a50.jpg,499_a70.jpg,0.000,303,389,0.847,731,439,0.000,377,645,0.133,745,348
500,1781507140204557568,Right,0,500_rgb.jpg,500_a30.jpg,500_a50.jpg,500_a70.jpg,0.000,303,389,0.851,732,439,0.000,377,645,0.145,747,349
501,1781507140454557568,Left,0,501_rgb.jpg,501_a30.jpg,501_a50.jpg,501_a70.jpg,0.820,343,429,0.000,675,382,0.000,377,645,0.039,324,348
502,1781507140704557568,Left,0,502_rgb.jpg,502_a30.jpg,502_a50.jpg,502_a70.jpg,0.835,342,442,0.004,767,436,0.000,377,645,0.078,328,351
503,1781507140954557568,Left,0,503_rgb.jpg,503_a30.jpg,503_a50.jpg,503_a70.jpg,0.808,344,448,0.031,795,444,0.000,377,645,0.082,361,298
504,1781507141204557568,Left,0,504_rgb.jpg,504_a30.jpg,504_a50.jpg,504_a70.jpg,0.780,363,453,0.000,678,410,0.000,377,645,0.039,369,288
505,1781507141454557568,Left,0,505_rgb.jpg,505_a30.jpg,505_a50.jpg,505_a70.jpg,0.914,326,445,0.000,671,389,0.000,417,645,0.212,310,365
506,1781507141704557568,Left,0,506_rgb.jpg,506_a30.jpg,506_a50.jpg,506_a70.jpg,0.902,278,468,0.075,817,455,0.000,514,645,0.682,530,107
507,1781507141954557568,Left,0,507_rgb.jpg,507_a30.jpg,507_a50.jpg,507_a70.jpg,0.569,278,453,0.027,815,432,0.000,519,645,0.537,527,102
508,1781507142204557568,Left,0,508_rgb.jpg,508_a30.jpg,508_a50.jpg,508_a70.jpg,0.827,283,448,0.012,809,426,0.000,485,645,0.718,192,407
509,1781507142454557568,Left,0,509_rgb.jpg,509_a30.jpg,509_a50.jpg,509_a70.jpg,0.861,281,457,0.008,728,379,0.000,478,645,0.608,210,415
510,1781507142704557568,Left,0,510_rgb.jpg,510_a30.jpg,510_a50.jpg,510_a70.jpg,0.933,295,457,0.008,782,420,0.000,484,645,0.565,239,392
511,1781507142954557568,Left,0,511_rgb.jpg,511_a30.jpg,511_a50.jpg,511_a70.jpg,0.820,301,444,0.027,814,449,0.000,483,645,0.639,240,403
512,1781507143204557568,Left,0,512_rgb.jpg,512_a30.jpg,512_a50.jpg,512_a70.jpg,0.722,307,425,0.043,812,429,0.000,464,645,0.682,225,397
513,1781507143454557568,Others,0,513_rgb.jpg,513_a30.jpg,513_a50.jpg,513_a70.jpg,0.639,308,426,0.031,767,391,0.000,464,645,0.702,205,408
514,1781507143704557568,Left,0,514_rgb.jpg,514_a30.jpg,514_a50.jpg,514_a70.jpg,0.922,359,440,0.000,666,364,0.000,488,645,0.278,327,354
515,1781507143954557568,Right,0,515_rgb.jpg,515_a30.jpg,515_a50.jpg,515_a70.jpg,0.000,310,380,0.843,715,430,0.000,377,645,0.125,747,335
516,1781507144204557568,Right,0,516_rgb.jpg,516_a30.jpg,516_a50.jpg,516_a70.jpg,0.004,312,406,0.749,722,424,0.000,377,645,0.027,747,334
517,1781507144454557568,Right,0,517_rgb.jpg,517_a30.jpg,517_a50.jpg,517_a70.jpg,0.000,310,380,0.878,717,447,0.000,377,645,0.165,740,359
518,1781507144704557568,Right,0,518_rgb.jpg,518_a30.jpg,518_a50.jpg,518_a70.jpg,0.000,310,380,0.886,747,437,0.000,377,645,0.180,748,352
519,1781507144954557568,Right,0,519_rgb.jpg,519_a30.jpg,519_a50.jpg,519_a70.jpg,0.000,310,380,0.867,766,430,0.000,377,645,0.216,800,348
520,1781507145204557568,Right,1,520_rgb.jpg,520_a30.jpg,520_a50.jpg,520_a70.jpg,0.180,343,435,0.890,783,440,0.000,377,645,0.302,799,361
521,1781507145454557568,Teleoperator,1,521_rgb.jpg,521_a30.jpg,521_a50.jpg,521_a70.jpg,0.000,310,380,0.000,665,370,0.376,531,839,0.000,0,0
522,1781507145704557568,Teleoperator,1,522_rgb.jpg,522_a30.jpg,522_a50.jpg,522_a70.jpg,0.000,310,380,0.000,663,370,0.341,530,840,0.000,0,0
523,1781507145954557568,Others,0,523_rgb.jpg,523_a30.jpg,523_a50.jpg,523_a70.jpg,0.616,311,436,0.008,805,436,0.000,486,645,0.655,261,427
524,1781507146204557568,Right,0,524_rgb.jpg,524_a30.jpg,524_a50.jpg,524_a70.jpg,0.000,310,380,0.784,731,442,0.000,377,645,0.063,711,357
525,1781507146454557568,Right,0,525_rgb.jpg,525_a30.jpg,525_a50.jpg,525_a70.jpg,0.000,306,388,0.776,731,437,0.000,377,645,0.067,741,343
526,1781507146704557568,Right,0,526_rgb.jpg,526_a30.jpg,526_a50.jpg,526_a70.jpg,0.000,306,388,0.792,748,434,0.000,377,645,0.063,750,340
527,1781507146954557568,Right,0,527_rgb.jpg,527_a30.jpg,527_a50.jpg,527_a70.jpg,0.000,306,388,0.851,745,436,0.000,377,645,0.075,748,347
528,1781507147204557568,Teleoperator,1,528_rgb.jpg,528_a30.jpg,528_a50.jpg,528_a70.jpg,0.000,306,388,0.000,680,409,0.424,530,833,0.000,0,0
529,1781507147454557568,Teleoperator,1,529_rgb.jpg,529_a30.jpg,529_a50.jpg,529_a70.jpg,0.000,306,388,0.000,683,416,0.408,493,645,0.137,548,466
530,1781507147704557568,Teleoperator,1,530_rgb.jpg,530_a30.jpg,530_a50.jpg,530_a70.jpg,0.000,306,388,0.000,684,418,1.000,515,785,0.008,548,461
531,1781507147954557568,Teleoperator,1,531_rgb.jpg,531_a30.jpg,531_a50.jpg,531_a70.jpg,0.000,306,388,0.000,678,410,1.000,498,768,0.000,0,0
532,1781507148204557568,Teleoperator,1,532_rgb.jpg,532_a30.jpg,532_a50.jpg,532_a70.jpg,0.000,306,388,0.000,670,382,1.000,498,785,0.000,0,0
533,1781507148454557568,Teleoperator,1,533_rgb.jpg,533_a30.jpg,533_a50.jpg,533_a70.jpg,0.000,306,388,0.000,670,381,0.663,530,839,0.000,0,0
534,1781507148704557568,Teleoperator,1,534_rgb.jpg,534_a30.jpg,534_a50.jpg,534_a70.jpg,0.000,306,388,0.000,669,375,0.498,534,837,0.000,0,0
535,1781507148954557568,Teleoperator,1,535_rgb.jpg,535_a30.jpg,535_a50.jpg,535_a70.jpg,0.000,306,388,0.000,670,375,0.498,532,831,0.000,0,0
536,1781507149204557568,Teleoperator,1,536_rgb.jpg,536_a30.jpg,536_a50.jpg,536_a70.jpg,0.008,302,436,0.000,669,374,0.333,529,836,0.008,259,430
537,1781507149454557568,Left,0,537_rgb.jpg,537_a30.jpg,537_a50.jpg,537_a70.jpg,0.612,303,463,0.008,820,450,0.000,506,645,0.600,293,460
538,1781507149704557568,Left,0,538_rgb.jpg,538_a30.jpg,538_a50.jpg,538_a70.jpg,0.733,305,463,0.000,670,376,0.000,512,645,0.604,276,442
539,1781507149954557568,Left,0,539_rgb.jpg,539_a30.jpg,539_a50.jpg,539_a70.jpg,0.686,303,461,0.000,667,376,0.000,514,645,0.592,274,445
540,1781507150204557568,Others,0,540_rgb.jpg,540_a30.jpg,540_a50.jpg,540_a70.jpg,0.212,302,465,0.000,667,376,0.000,532,645,0.290,524,98
541,1781507150454557568,Others,0,541_rgb.jpg,541_a30.jpg,541_a50.jpg,541_a70.jpg,0.451,302,465,0.000,672,381,0.000,552,645,0.627,532,103
542,1781507150704557568,Others,0,542_rgb.jpg,542_a30.jpg,542_a50.jpg,542_a70.jpg,0.600,302,461,0.000,670,378,0.000,494,645,0.604,276,459
543,1781507150954557568,Right,0,543_rgb.jpg,543_a30.jpg,543_a50.jpg,543_a70.jpg,0.000,302,389,0.875,717,454,0.000,377,645,0.145,740,367
544,1781507151204557568,Right,0,544_rgb.jpg,544_a30.jpg,544_a50.jpg,544_a70.jpg,0.000,302,390,0.878,728,450,0.000,377,645,0.153,746,364
545,1781507151454557568,Right,0,545_rgb.jpg,545_a30.jpg,545_a50.jpg,545_a70.jpg,0.000,304,390,0.882,747,442,0.000,377,645,0.157,758,360
546,1781507151704557568,Right,0,546_rgb.jpg,546_a30.jpg,546_a50.jpg,546_a70.jpg,0.000,304,391,0.878,749,434,0.000,377,645,0.169,791,348
547,1781507151954557568,Right,1,547_rgb.jpg,547_a30.jpg,547_a50.jpg,547_a70.jpg,0.000,304,391,0.867,732,435,0.000,377,645,0.153,748,348
548,1781507152204557568,Teleoperator,1,548_rgb.jpg,548_a30.jpg,548_a50.jpg,548_a70.jpg,0.008,407,391,0.000,672,380,0.682,514,783,0.082,523,108
549,1781507152454557568,Teleoperator,1,549_rgb.jpg,549_a30.jpg,549_a50.jpg,549_a70.jpg,0.000,304,388,0.000,671,379,0.596,547,767,0.008,548,522
550,1781507152704557568,Teleoperator,1,550_rgb.jpg,550_a30.jpg,550_a50.jpg,550_a70.jpg,0.000,304,388,0.000,671,379,1.000,515,645,0.106,529,582
551,1781507152954557568,Teleoperator,1,551_rgb.jpg,551_a30.jpg,551_a50.jpg,551_a70.jpg,0.000,300,384,0.000,673,379,1.000,498,717,0.012,528,617
552,1781507153204557568,Teleoperator,1,552_rgb.jpg,552_a30.jpg,552_a50.jpg,552_a70.jpg,0.000,302,387,0.000,671,377,0.553,540,837,0.000,0,0
553,1781507153454557568,Left,0,553_rgb.jpg,553_a30.jpg,553_a50.jpg,553_a70.jpg,0.925,343,438,0.000,672,379,0.000,448,645,0.282,328,356
554,1781507153704557568,Left,0,554_rgb.jpg,554_a30.jpg,554_a50.jpg,554_a70.jpg,0.816,302,432,0.008,815,428,0.000,467,645,0.627,225,377
555,1781507153954557568,Teleoperator,1,555_rgb.jpg,555_a30.jpg,555_a50.jpg,555_a70.jpg,0.110,301,433,0.000,672,380,0.325,532,836,0.082,225,381
556,1781507154204557568,Teleoperator,1,556_rgb.jpg,556_a30.jpg,556_a50.jpg,556_a70.jpg,0.000,302,387,0.000,674,382,0.471,531,840,0.000,0,0
557,1781507154454557568,Teleoperator,1,557_rgb.jpg,557_a30.jpg,557_a50.jpg,557_a70.jpg,0.000,303,387,0.000,670,378,0.416,531,822,0.000,0,0
558,1781507154704557568,Teleoperator,1,558_rgb.jpg,558_a30.jpg,558_a50.jpg,558_a70.jpg,0.000,303,387,0.000,669,379,0.396,533,824,0.000,0,0
559,1781507154954557568,Teleoperator,1,559_rgb.jpg,559_a30.jpg,559_a50.jpg,559_a70.jpg,0.000,301,388,0.000,673,384,0.380,533,839,0.000,0,0
560,1781507155204557568,Teleoperator,1,560_rgb.jpg,560_a30.jpg,560_a50.jpg,560_a70.jpg,0.000,299,387,0.000,672,383,0.376,531,837,0.000,0,0
561,1781507155454557568,Teleoperator,1,561_rgb.jpg,561_a30.jpg,561_a50.jpg,561_a70.jpg,0.000,299,387,0.000,671,398,0.451,534,832,0.000,0,0
562,1781507155704557568,Teleoperator,1,562_rgb.jpg,562_a30.jpg,562_a50.jpg,562_a70.jpg,0.000,305,393,0.000,676,406,0.596,525,647,0.200,548,444
563,1781507155954557568,Teleoperator,1,563_rgb.jpg,563_a30.jpg,563_a50.jpg,563_a70.jpg,0.000,305,393,0.000,675,403,0.608,531,812,0.000,0,0
564,1781507156204557568,Teleoperator,1,564_rgb.jpg,564_a30.jpg,564_a50.jpg,564_a70.jpg,0.000,305,393,0.000,675,404,0.467,531,824,0.000,0,0
565,1781507156454557568,Teleoperator,1,565_rgb.jpg,565_a30.jpg,565_a50.jpg,565_a70.jpg,0.000,306,397,0.051,710,457,0.400,537,843,0.012,741,380
566,1781507156704557568,Right,0,566_rgb.jpg,566_a30.jpg,566_a50.jpg,566_a70.jpg,0.000,306,397,0.886,723,462,0.000,377,645,0.184,745,375
567,1781507156954557568,Others,0,567_rgb.jpg,567_a30.jpg,567_a50.jpg,567_a70.jpg,0.635,307,454,0.031,816,466,0.000,480,645,0.647,257,444
568,1781507157204557568,Left,0,568_rgb.jpg,568_a30.jpg,568_a50.jpg,568_a70.jpg,0.655,307,450,0.027,814,452,0.000,484,645,0.651,260,433
569,1781507157454557568,Left,0,569_rgb.jpg,569_a30.jpg,569_a50.jpg,569_a70.jpg,0.729,307,448,0.024,809,443,0.000,487,645,0.638,247,422
570,1781507157704557568,Left,0,570_rgb.jpg,570_a30.jpg,570_a50.jpg,570_a70.jpg,0.859,306,445,0.051,809,451,0.000,484,645,0.596,239,396
571,1781507157954557568,Left,0,571_rgb.jpg,571_a30.jpg,571_a50.jpg,571_a70.jpg,0.847,345,462,0.000,676,402,0.000,396,645,0.137,342,359
572,1781507158204557568,Left,0,572_rgb.jpg,572_a30.jpg,572_a50.jpg,572_a70.jpg,0.906,342,436,0.000,676,402,0.000,377,645,0.192,322,349
573,1781507158454557568,Left,1,573_rgb.jpg,573_a30.jpg,573_a50.jpg,573_a70.jpg,0.906,341,420,0.000,673,400,0.000,377,645,0.204,320,336
574,1781507158704557568,Teleoperator,1,574_rgb.jpg,574_a30.jpg,574_a50.jpg,574_a70.jpg,0.000,310,377,0.000,674,402,0.616,531,743,0.075,531,279
575,1781507158954557568,Teleoperator,1,575_rgb.jpg,575_a30.jpg,575_a50.jpg,575_a70.jpg,0.000,309,374,0.000,674,402,0.286,531,837,0.000,0,0
576,1781507159204557568,Teleoperator,1,576_rgb.jpg,576_a30.jpg,576_a50.jpg,576_a70.jpg,0.000,307,371,0.000,675,404,0.196,531,845,0.000,0,0
577,1781507159454557568,Teleoperator,1,577_rgb.jpg,577_a30.jpg,577_a50.jpg,577_a70.jpg,0.000,307,371,0.000,675,405,0.482,530,834,0.000,0,0
578,1781507159704557568,Teleoperator,1,578_rgb.jpg,578_a30.jpg,578_a50.jpg,578_a70.jpg,0.000,327,375,0.000,673,402,0.478,531,832,0.000,0,0
579,1781507159954557568,Teleoperator,1,579_rgb.jpg,579_a30.jpg,579_a50.jpg,579_a70.jpg,0.000,327,375,0.000,675,406,0.443,531,841,0.000,0,0
580,1781507160204557568,Right,1,580_rgb.jpg,580_a30.jpg,580_a50.jpg,580_a70.jpg,0.012,377,445,0.847,750,435,0.000,377,645,0.145,817,344
581,1781507160454557568,Left,0,581_rgb.jpg,581_a30.jpg,581_a50.jpg,581_a70.jpg,0.906,344,444,0.110,783,451,0.000,487,645,0.278,323,373
582,1781507160704557568,Left,0,582_rgb.jpg,582_a30.jpg,582_a50.jpg,582_a70.jpg,0.757,327,439,0.020,779,472,0.000,535,645,0.553,309,408
583,1781507160954557568,Others,0,583_rgb.jpg,583_a30.jpg,583_a50.jpg,583_a70.jpg,0.525,327,417,0.024,801,462,0.000,514,645,0.749,192,396
584,1781507161204557568,Others,0,584_rgb.jpg,584_a30.jpg,584_a50.jpg,584_a70.jpg,0.494,330,423,0.027,807,467,0.000,495,645,0.733,209,407
585,1781507161454557568,Others,0,585_rgb.jpg,585_a30.jpg,585_a50.jpg,585_a70.jpg,0.592,327,417,0.016,805,465,0.000,489,645,0.686,226,389
586,1781507161704557568,Others,0,586_rgb.jpg,586_a30.jpg,586_a50.jpg,586_a70.jpg,0.592,328,427,0.008,804,433,0.000,496,645,0.627,250,410
587,1781507161954557568,Others,0,587_rgb.jpg,587_a30.jpg,587_a50.jpg,587_a70.jpg,0.522,327,431,0.020,806,451,0.000,498,645,0.631,261,431
588,1781507162204557568,Others,0,588_rgb.jpg,588_a30.jpg,588_a50.jpg,588_a70.jpg,0.557,327,409,0.063,806,465,0.000,542,645,0.769,224,394
589,1781507162454557568,Others,0,589_rgb.jpg,589_a30.jpg,589_a50.jpg,589_a70.jpg,0.557,327,411,0.078,804,477,0.000,494,645,0.729,225,395
590,1781507162704557568,Others,0,590_rgb.jpg,590_a30.jpg,590_a50.jpg,590_a70.jpg,0.545,329,424,0.086,805,471,0.000,501,645,0.694,253,420
591,1781507162954557568,Left,0,591_rgb.jpg,591_a30.jpg,591_a50.jpg,591_a70.jpg,0.827,301,446,0.047,806,463,0.000,491,645,0.627,243,408
592,1781507163204557568,Left,0,592_rgb.jpg,592_a30.jpg,592_a50.jpg,592_a70.jpg,0.886,300,433,0.031,807,465,0.000,479,645,0.569,226,374
593,1781507163454557568,Left,0,593_rgb.jpg,593_a30.jpg,593_a50.jpg,593_a70.jpg,0.902,300,449,0.020,808,458,0.000,483,645,0.565,260,398
594,1781507163704557568,Left,0,594_rgb.jpg,594_a30.jpg,594_a50.jpg,594_a70.jpg,0.839,303,452,0.039,807,471,0.000,478,645,0.592,261,411
595,1781507163954557568,Left,0,595_rgb.jpg,595_a30.jpg,595_a50.jpg,595_a70.jpg,0.906,302,440,0.106,808,467,0.000,478,645,0.584,253,379
596,1781507164204557568,Left,0,596_rgb.jpg,596_a30.jpg,596_a50.jpg,596_a70.jpg,0.839,302,444,0.027,808,479,0.000,473,645,0.635,244,402
597,1781507164454557568,Right,0,597_rgb.jpg,597_a30.jpg,597_a50.jpg,597_a70.jpg,0.000,303,391,0.894,733,445,0.000,377,645,0.161,748,360
598,1781507164704557568,Right,0,598_rgb.jpg,598_a30.jpg,598_a50.jpg,598_a70.jpg,0.000,303,391,0.867,729,455,0.000,377,645,0.102,751,370
599,1781507164954557568,Right,0,599_rgb.jpg,599_a30.jpg,599_a50.jpg,599_a70.jpg,0.000,301,388,0.827,733,451,0.000,377,645,0.063,748,366
600,1781507165204557568,Right,0,600_rgb.jpg,600_a30.jpg,600_a50.jpg,600_a70.jpg,0.000,300,387,0.725,727,444,0.000,377,645,0.012,725,353
601,1781507165454557568,Right,0,601_rgb.jpg,601_a30.jpg,601_a50.jpg,601_a70.jpg,0.008,305,434,0.569,714,443,0.000,377,645,0.004,699,265
602,1781507165704557568,Right,0,602_rgb.jpg,602_a30.jpg,602_a50.jpg,602_a70.jpg,0.000,300,387,0.831,747,426,0.000,377,645,0.149,809,327
603,1781507165954557568,Right,0,603_rgb.jpg,603_a30.jpg,603_a50.jpg,603_a70.jpg,0.000,298,383,0.836,747,417,0.000,377,645,0.082,748,334
604,1781507166204557568,Right,0,604_rgb.jpg,604_a30.jpg,604_a50.jpg,604_a70.jpg,0.000,298,383,0.816,747,427,0.000,377,645,0.043,750,343
605,1781507166454557568,Left,0,605_rgb.jpg,605_a30.jpg,605_a50.jpg,605_a70.jpg,0.839,298,451,0.071,831,473,0.000,478,645,0.549,255,408
606,1781507166704557568,Right,0,606_rgb.jpg,606_a30.jpg,606_a50.jpg,606_a70.jpg,0.004,328,457,0.624,733,464,0.000,377,645,0.008,733,163
607,1781507166954557568,Right,0,607_rgb.jpg,607_a30.jpg,607_a50.jpg,607_a70.jpg,0.004,328,466,0.616,739,464,0.000,377,645,0.004,699,248
608,1781507167204557568,Right,0,608_rgb.jpg,608_a30.jpg,608_a50.jpg,608_a70.jpg,0.000,298,383,0.765,731,469,0.000,377,645,0.039,716,352
609,1781507167454557568,Right,0,609_rgb.jpg,609_a30.jpg,609_a50.jpg,609_a70.jpg,0.000,298,383,0.843,717,465,0.000,377,645,0.082,730,383
610,1781507167704557568,Right,0,610_rgb.jpg,610_a30.jpg,610_a50.jpg,610_a70.jpg,0.000,298,383,0.867,733,462,0.000,377,645,0.090,740,383
611,1781507167954557568,Right,0,611_rgb.jpg,611_a30.jpg,611_a50.jpg,611_a70.jpg,0.000,298,383,0.859,740,438,0.000,377,645,0.118,750,352
612,1781507168204557568,Right,0,612_rgb.jpg,612_a30.jpg,612_a50.jpg,612_a70.jpg,0.008,298,442,0.792,733,459,0.000,377,645,0.043,767,371
613,1781507168454557568,Right,1,613_rgb.jpg,613_a30.jpg,613_a50.jpg,613_a70.jpg,0.000,303,390,0.867,733,443,0.000,377,645,0.118,746,359
614,1781507168704557568,Teleoperator,1,614_rgb.jpg,614_a30.jpg,614_a50.jpg,614_a70.jpg,0.000,304,392,0.000,678,406,0.447,531,833,0.000,0,0
615,1781507168954557568,Teleoperator,1,615_rgb.jpg,615_a30.jpg,615_a50.jpg,615_a70.jpg,0.000,305,393,0.000,679,407,0.494,531,830,0.000,0,0
616,1781507169204557568,Right,0,616_rgb.jpg,616_a30.jpg,616_a50.jpg,616_a70.jpg,0.000,304,392,0.882,750,449,0.000,377,645,0.184,757,368
617,1781507169454557568,Right,0,617_rgb.jpg,617_a30.jpg,617_a50.jpg,617_a70.jpg,0.000,303,390,0.843,733,445,0.000,377,645,0.106,749,361
618,1781507169704557568,Right,0,618_rgb.jpg,618_a30.jpg,618_a50.jpg,618_a70.jpg,0.094,303,445,0.831,767,448,0.000,409,645,0.204,820,390
619,1781507169954557568,Right,0,619_rgb.jpg,619_a30.jpg,619_a50.jpg,619_a70.jpg,0.000,301,389,0.886,748,437,0.000,377,645,0.196,797,349
620,1781507170204557568,Right,0,620_rgb.jpg,620_a30.jpg,620_a50.jpg,620_a70.jpg,0.000,300,388,0.902,747,440,0.000,377,645,0.220,797,352
621,1781507170454557568,Left,0,621_rgb.jpg,621_a30.jpg,621_a50.jpg,621_a70.jpg,0.910,326,444,0.020,780,461,0.000,451,645,0.286,308,367
622,1781507170704557568,Right,0,622_rgb.jpg,622_a30.jpg,622_a50.jpg,622_a70.jpg,0.004,348,440,0.824,750,443,0.000,377,645,0.098,760,360
623,1781507170954557568,Right,1,623_rgb.jpg,623_a30.jpg,623_a50.jpg,623_a70.jpg,0.000,298,384,0.808,733,453,0.000,377,645,0.078,746,373
624,1781507171204557568,Teleoperator,1,624_rgb.jpg,624_a30.jpg,624_a50.jpg,624_a70.jpg,0.000,298,384,0.145,749,451,0.380,531,836,0.016,747,377
625,1781507171454557568,Teleoperator,1,625_rgb.jpg,625_a30.jpg,625_a50.jpg,625_a70.jpg,0.000,300,387,0.000,688,406,0.365,531,837,0.000,0,0
626,1781507171704557568,Teleoperator,1,626_rgb.jpg,626_a30.jpg,626_a50.jpg,626_a70.jpg,0.016,307,444,0.000,679,406,0.314,531,837,0.008,290,398
627,1781507171954557568,Left,0,627_rgb.jpg,627_a30.jpg,627_a50.jpg,627_a70.jpg,0.729,305,442,0.051,808,470,0.000,472,645,0.639,240,413
628,1781507172204557568,Left,0,628_rgb.jpg,628_a30.jpg,628_a50.jpg,628_a70.jpg,0.792,304,432,0.184,808,465,0.000,494,645,0.659,224,387
629,1781507172454557568,Others,0,629_rgb.jpg,629_a30.jpg,629_a50.jpg,629_a70.jpg,0.682,304,403,0.118,810,462,0.000,451,645,0.690,226,363
630,1781507172704557568,Right,0,630_rgb.jpg,630_a30.jpg,630_a50.jpg,630_a70.jpg,0.000,304,389,0.820,732,458,0.000,377,645,0.059,749,372
631,1781507172954557568,Right,0,631_rgb.jpg,631_a30.jpg,631_a50.jpg,631_a70.jpg,0.000,304,389,0.847,730,453,0.000,377,645,0.078,749,369
632,1781507173204557568,Right,0,632_rgb.jpg,632_a30.jpg,632_a50.jpg,632_a70.jpg,0.000,304,389,0.863,731,451,0.000,377,645,0.098,745,369
633,1781507173454557568,Left,0,633_rgb.jpg,633_a30.jpg,633_a50.jpg,633_a70.jpg,0.851,293,429,0.180,801,458,0.000,490,645,0.600,225,372
634,1781507173704557568,Right,0,634_rgb.jpg,634_a30.jpg,634_a50.jpg,634_a70.jpg,0.098,290,453,0.812,751,457,0.000,377,645,0.125,746,378
635,1781507173954557568,Right,0,635_rgb.jpg,635_a30.jpg,635_a50.jpg,635_a70.jpg,0.000,293,383,0.824,748,444,0.000,377,645,0.051,751,363
636,1781507174204557568,Right,0,636_rgb.jpg,636_a30.jpg,636_a50.jpg,636_a70.jpg,0.498,293,426,0.914,784,463,0.000,480,645,0.506,242,404
637,1781507174454557568,Left,0,637_rgb.jpg,637_a30.jpg,637_a50.jpg,637_a70.jpg,0.910,345,461,0.000,681,409,0.000,479,645,0.259,326,381
638,1781507174704557568,Left,0,638_rgb.jpg,638_a30.jpg,638_a50.jpg,638_a70.jpg,0.914,346,455,0.000,681,409,0.000,471,645,0.231,326,368
639,1781507174954557568,Left,0,639_rgb.jpg,639_a30.jpg,639_a50.jpg,639_a70.jpg,0.925,343,454,0.000,681,408,0.000,474,645,0.275,314,370
640,1781507175204557568,Teleoperator,1,640_rgb.jpg,640_a30.jpg,640_a50.jpg,640_a70.jpg,0.125,310,459,0.000,682,409,0.337,530,833,0.059,268,385
641,1781507175454557568,Teleoperator,1,641_rgb.jpg,641_a30.jpg,641_a50.jpg,641_a70.jpg,0.000,281,388,0.000,681,409,0.427,532,826,0.000,0,0
642,1781507175704557568,Teleoperator,1,642_rgb.jpg,642_a30.jpg,642_a50.jpg,642_a70.jpg,0.000,284,391,0.000,682,411,0.373,530,831,0.000,0,0
643,1781507175954557568,Teleoperator,1,643_rgb.jpg,643_a30.jpg,643_a50.jpg,643_a70.jpg,0.000,303,391,0.000,679,407,0.349,532,834,0.000,0,0
644,1781507176204557568,Teleoperator,1,644_rgb.jpg,644_a30.jpg,644_a50.jpg,644_a70.jpg,0.000,303,391,0.000,675,402,0.322,531,833,0.000,0,0
645,1781507176454557568,Teleoperator,1,645_rgb.jpg,645_a30.jpg,645_a50.jpg,645_a70.jpg,0.000,307,394,0.000,673,401,0.298,530,836,0.000,0,0
646,1781507176704557568,Teleoperator,1,646_rgb.jpg,646_a30.jpg,646_a50.jpg,646_a70.jpg,0.016,306,424,0.004,812,453,0.318,531,835,0.016,191,385
647,1781507176954557568,Left,0,647_rgb.jpg,647_a30.jpg,647_a50.jpg,647_a70.jpg,0.886,309,444,0.016,811,456,0.000,486,645,0.533,234,386
648,1781507177204557568,Left,0,648_rgb.jpg,648_a30.jpg,648_a50.jpg,648_a70.jpg,0.933,312,435,0.004,809,413,0.000,460,645,0.400,275,359
649,1781507177454557568,Left,1,649_rgb.jpg,649_a30.jpg,649_a50.jpg,649_a70.jpg,0.361,362,454,0.024,780,456,0.008,377,658,0.090,372,238
650,1781507177704557568,Teleoperator,1,650_rgb.jpg,650_a30.jpg,650_a50.jpg,650_a70.jpg,0.000,305,392,0.000,677,407,0.396,531,834,0.000,0,0
651,1781507177954557568,Teleoperator,1,651_rgb.jpg,651_a30.jpg,651_a50.jpg,651_a70.jpg,0.000,302,391,0.000,677,405,0.396,531,836,0.000,0,0
652,1781507178204557568,Teleoperator,1,652_rgb.jpg,652_a30.jpg,652_a50.jpg,652_a70.jpg,0.012,300,402,0.000,674,402,0.318,530,833,0.012,177,370
653,1781507178454557568,Left,0,653_rgb.jpg,653_a30.jpg,653_a50.jpg,653_a70.jpg,0.831,300,429,0.118,810,463,0.000,476,645,0.608,224,371
654,1781507178704557568,Left,0,654_rgb.jpg,654_a30.jpg,654_a50.jpg,654_a70.jpg,0.816,299,427,0.098,811,460,0.000,497,645,0.655,224,370
655,1781507178954557568,Teleoperator,1,655_rgb.jpg,655_a30.jpg,655_a50.jpg,655_a70.jpg,0.047,300,431,0.000,674,403,0.302,530,836,0.043,188,385
656,1781507179204557568,Teleoperator,1,656_rgb.jpg,656_a30.jpg,656_a50.jpg,656_a70.jpg,0.000,300,390,0.000,676,404,0.341,530,838,0.000,0,0
657,1781507179454557568,Teleoperator,1,657_rgb.jpg,657_a30.jpg,657_a50.jpg,657_a70.jpg,0.000,300,391,0.000,674,402,0.424,531,837,0.000,0,0
658,1781507179704557568,Teleoperator,1,658_rgb.jpg,658_a30.jpg,658_a50.jpg,658_a70.jpg,0.000,298,389,0.000,676,405,0.255,530,842,0.000,0,0
659,1781507179954557568,Teleoperator,1,659_rgb.jpg,659_a30.jpg,659_a50.jpg,659_a70.jpg,0.000,300,392,0.000,675,404,0.663,531,716,0.016,530,482
660,1781507180204557568,Teleoperator,1,660_rgb.jpg,660_a30.jpg,660_a50.jpg,660_a70.jpg,0.000,299,390,0.000,676,406,0.651,531,734,0.008,529,483
661,1781507180454557568,Teleoperator,1,661_rgb.jpg,661_a30.jpg,661_a50.jpg,661_a70.jpg,0.000,299,392,0.000,676,406,0.251,531,837,0.004,515,93
662,1781507180704557568,Teleoperator,1,662_rgb.jpg,662_a30.jpg,662_a50.jpg,662_a70.jpg,0.000,299,391,0.000,676,406,0.302,531,836,0.000,0,0
663,1781507180954557568,Teleoperator,1,663_rgb.jpg,663_a30.jpg,663_a50.jpg,663_a70.jpg,0.000,299,391,0.000,675,406,0.302,531,836,0.000,0,0
664,1781507181204557568,Teleoperator,1,664_rgb.jpg,664_a30.jpg,664_a50.jpg,664_a70.jpg,0.000,299,391,0.000,676,406,0.482,531,828,0.000,0,0
665,1781507181454557568,Teleoperator,1,665_rgb.jpg,665_a30.jpg,665_a50.jpg,665_a70.jpg,0.000,299,391,0.000,675,406,0.408,531,837,0.000,0,0
666,1781507181704557568,Teleoperator,1,666_rgb.jpg,666_a30.jpg,666_a50.jpg,666_a70.jpg,0.000,300,388,0.000,673,403,0.424,531,823,0.004,529,103
667,1781507181954557568,Teleoperator,1,667_rgb.jpg,667_a30.jpg,667_a50.jpg,667_a70.jpg,0.000,301,390,0.000,675,406,0.475,531,807,0.000,0,0
668,1781507182204557568,Teleoperator,1,668_rgb.jpg,668_a30.jpg,668_a50.jpg,668_a70.jpg,0.000,301,390,0.000,676,405,0.424,531,813,0.004,522,96
669,1781507182454557568,Teleoperator,1,669_rgb.jpg,669_a30.jpg,669_a50.jpg,669_a70.jpg,0.000,302,391,0.000,677,407,0.361,532,831,0.000,0,0
670,1781507182704557568,Teleoperator,1,670_rgb.jpg,670_a30.jpg,670_a50.jpg,670_a70.jpg,0.000,302,390,0.000,677,407,0.506,531,782,0.000,0,0
671,1781507182954557568,Teleoperator,1,671_rgb.jpg,671_a30.jpg,671_a50.jpg,671_a70.jpg,0.000,300,388,0.000,677,407,0.553,531,780,0.004,531,427
672,1781507183204557568,Teleoperator,1,672_rgb.jpg,672_a30.jpg,672_a50.jpg,672_a70.jpg,0.000,299,386,0.000,677,408,0.439,531,838,0.000,0,0
673,1781507183454557568,Teleoperator,1,673_rgb.jpg,673_a30.jpg,673_a50.jpg,673_a70.jpg,0.000,299,386,0.000,678,408,0.427,531,839,0.000,0,0
674,1781507183704557568,Teleoperator,1,674_rgb.jpg,674_a30.jpg,674_a50.jpg,674_a70.jpg,0.000,301,389,0.000,677,407,0.369,531,837,0.000,0,0
675,1781507183954557568,Teleoperator,1,675_rgb.jpg,675_a30.jpg,675_a50.jpg,675_a70.jpg,0.000,305,393,0.000,676,407,0.369,535,837,0.000,0,0
676,1781507184204557568,Teleoperator,1,676_rgb.jpg,676_a30.jpg,676_a50.jpg,676_a70.jpg,0.000,305,394,0.000,676,406,0.494,529,778,0.004,530,100
677,1781507184454557568,Teleoperator,1,677_rgb.jpg,677_a30.jpg,677_a50.jpg,677_a70.jpg,0.000,305,393,0.000,677,407,0.522,531,766,0.004,527,99
678,1781507184704557568,Teleoperator,1,678_rgb.jpg,678_a30.jpg,678_a50.jpg,678_a70.jpg,0.000,302,389,0.000,677,408,0.290,530,826,0.004,528,103
679,1781507184954557568,Teleoperator,1,679_rgb.jpg,679_a30.jpg,679_a50.jpg,679_a70.jpg,0.000,301,387,0.000,677,407,0.318,531,824,0.004,527,103
680,1781507185204557568,Left,1,680_rgb.jpg,680_a30.jpg,680_a50.jpg,680_a70.jpg,0.894,345,445,0.039,761,446,0.090,530,826,0.165,322,369
681,1781507185454557568,Right,0,681_rgb.jpg,681_a30.jpg,681_a50.jpg,681_a70.jpg,0.008,310,439,0.886,732,450,0.000,377,645,0.173,745,365
682,1781507185704557568,Right,0,682_rgb.jpg,682_a30.jpg,682_a50.jpg,682_a70.jpg,0.000,299,386,0.898,732,453,0.000,377,645,0.212,751,364
683,1781507185954557568,Right,0,683_rgb.jpg,683_a30.jpg,683_a50.jpg,683_a70.jpg,0.165,299,443,0.922,750,471,0.000,450,645,0.357,760,391
684,1781507186204557568,Left,0,684_rgb.jpg,684_a30.jpg,684_a50.jpg,684_a70.jpg,0.890,300,434,0.365,811,467,0.000,532,646,0.573,228,370
685,1781507186454557568,Left,0,685_rgb.jpg,685_a30.jpg,685_a50.jpg,685_a70.jpg,0.843,300,444,0.196,813,484,0.000,497,645,0.631,244,395
686,1781507186704557568,Left,0,686_rgb.jpg,686_a30.jpg,686_a50.jpg,686_a70.jpg,0.820,305,459,0.125,812,476,0.000,496,645,0.569,260,421
687,1781507186954557568,Left,0,687_rgb.jpg,687_a30.jpg,687_a50.jpg,687_a70.jpg,0.757,301,466,0.106,809,476,0.000,507,645,0.588,278,439
688,1781507187204557568,Left,0,688_rgb.jpg,688_a30.jpg,688_a50.jpg,688_a70.jpg,0.702,342,475,0.118,768,489,0.000,455,645,0.094,379,300
689,1781507187454557568,Left,0,689_rgb.jpg,689_a30.jpg,689_a50.jpg,689_a70.jpg,0.878,344,474,0.000,674,401,0.000,488,645,0.278,298,399
690,1781507187704557568,Left,0,690_rgb.jpg,690_a30.jpg,690_a50.jpg,690_a70.jpg,0.929,328,470,0.000,678,406,0.000,491,645,0.392,301,399
691,1781507187954557568,Left,0,691_rgb.jpg,691_a30.jpg,691_a50.jpg,691_a70.jpg,0.937,311,453,0.000,677,406,0.000,471,645,0.416,291,378
692,1781507188204557568,Left,0,692_rgb.jpg,692_a30.jpg,692_a50.jpg,692_a70.jpg,0.882,297,448,0.024,806,463,0.000,471,645,0.561,245,398
693,1781507188454557568,Left,0,693_rgb.jpg,693_a30.jpg,693_a50.jpg,693_a70.jpg,0.651,298,456,0.078,808,479,0.000,474,645,0.647,276,450
694,1781507188704557568,Left,0,694_rgb.jpg,694_a30.jpg,694_a50.jpg,694_a70.jpg,0.710,297,448,0.059,809,468,0.000,478,645,0.671,257,432
695,1781507188954557568,Left,0,695_rgb.jpg,695_a30.jpg,695_a50.jpg,695_a70.jpg,0.741,302,444,0.059,809,473,0.000,479,645,0.675,209,416
696,1781507189204557568,Left,0,696_rgb.jpg,696_a30.jpg,696_a50.jpg,696_a70.jpg,0.843,302,441,0.063,808,464,0.000,495,645,0.627,237,392
697,1781507189454557568,Left,0,697_rgb.jpg,697_a30.jpg,697_a50.jpg,697_a70.jpg,0.863,301,439,0.051,808,454,0.000,483,645,0.600,234,387
698,1781507189704557568,Left,0,698_rgb.jpg,698_a30.jpg,698_a50.jpg,698_a70.jpg,0.851,301,441,0.075,808,460,0.000,472,645,0.584,240,387
699,1781507189954557568,Right,0,699_rgb.jpg,699_a30.jpg,699_a50.jpg,699_a70.jpg,0.000,301,389,0.678,717,459,0.000,377,645,0.012,712,143
700,1781507190204557568,Right,0,700_rgb.jpg,700_a30.jpg,700_a50.jpg,700_a70.jpg,0.000,301,389,0.796,731,456,0.000,377,645,0.063,747,365
701,1781507190454557568,Right,0,701_rgb.jpg,701_a30.jpg,701_a50.jpg,701_a70.jpg,0.031,301,466,0.910,749,463,0.000,436,645,0.251,749,375
702,1781507190704557568,Left,0,702_rgb.jpg,702_a30.jpg,702_a50.jpg,702_a70.jpg,0.929,325,466,0.102,798,478,0.000,482,645,0.451,293,396
703,1781507190954557568,Right,0,703_rgb.jpg,703_a30.jpg,703_a50.jpg,703_a70.jpg,0.773,328,470,0.886,761,470,0.000,483,645,0.369,807,423
704,1781507191204557568,Right,0,704_rgb.jpg,704_a30.jpg,704_a50.jpg,704_a70.jpg,0.000,303,393,0.906,749,460,0.000,377,645,0.227,767,376
705,1781507191454557568,Left,1,705_rgb.jpg,705_a30.jpg,705_a50.jpg,705_a70.jpg,0.925,328,461,0.004,806,434,0.153,529,836,0.310,306,383
706,1781507191704557568,Teleoperator,1,706_rgb.jpg,706_a30.jpg,706_a50.jpg,706_a70.jpg,0.000,300,388,0.000,672,386,0.369,531,811,0.000,0,0
707,1781507191954557568,Teleoperator,1,707_rgb.jpg,707_a30.jpg,707_a50.jpg,707_a70.jpg,0.000,300,389,0.000,673,383,1.000,532,667,0.102,530,98
708,1781507192204557568,Teleoperator,1,708_rgb.jpg,708_a30.jpg,708_a50.jpg,708_a70.jpg,0.000,300,389,0.000,676,386,1.000,515,717,0.063,526,99
709,1781507192454557568,Teleoperator,1,709_rgb.jpg,709_a30.jpg,709_a50.jpg,709_a70.jpg,0.000,300,389,0.000,678,388,0.357,531,836,0.000,0,0
710,1781507192704557568,Teleoperator,1,710_rgb.jpg,710_a30.jpg,710_a50.jpg,710_a70.jpg,0.000,300,389,0.000,680,389,0.243,530,841,0.000,0,0
711,1781507192954557568,Teleoperator,1,711_rgb.jpg,711_a30.jpg,711_a50.jpg,711_a70.jpg,0.000,300,389,0.000,677,386,1.000,532,683,0.094,527,100
712,1781507193204557568,Teleoperator,1,712_rgb.jpg,712_a30.jpg,712_a50.jpg,712_a70.jpg,0.000,300,389,0.000,672,383,1.000,447,645,1.000,481,110
713,1781507193454557568,Teleoperator,1,713_rgb.jpg,713_a30.jpg,713_a50.jpg,713_a70.jpg,0.000,300,389,0.000,675,387,1.000,498,645,0.200,529,104
714,1781507193704557568,Teleoperator,1,714_rgb.jpg,714_a30.jpg,714_a50.jpg,714_a70.jpg,0.000,300,389,0.000,672,383,1.000,515,768,0.000,0,0
715,1781507193954557568,Teleoperator,1,715_rgb.jpg,715_a30.jpg,715_a50.jpg,715_a70.jpg,0.000,300,389,0.000,672,385,0.545,541,826,0.000,0,0
716,1781507194204557568,Right,1,716_rgb.jpg,716_a30.jpg,716_a50.jpg,716_a70.jpg,0.000,300,389,0.804,731,435,0.008,641,645,0.078,748,340
717,1781507194454557568,Right,0,717_rgb.jpg,717_a30.jpg,717_a50.jpg,717_a70.jpg,0.012,300,430,0.792,732,436,0.000,377,645,0.090,748,335
718,1781507194704557568,Left,0,718_rgb.jpg,718_a30.jpg,718_a50.jpg,718_a70.jpg,0.925,325,458,0.000,671,396,0.000,469,645,0.333,294,380
719,1781507194954557568,Right,0,719_rgb.jpg,719_a30.jpg,719_a50.jpg,719_a70.jpg,0.475,304,465,0.898,784,468,0.000,497,645,0.498,818,430
720,1781507195204557568,Right,0,720_rgb.jpg,720_a30.jpg,720_a50.jpg,720_a70.jpg,0.000,302,392,0.737,730,445,0.000,377,645,0.020,743,351
721,1781507195454557568,Right,0,721_rgb.jpg,721_a30.jpg,721_a50.jpg,721_a70.jpg,0.027,297,458,0.706,719,461,0.000,377,645,0.039,712,337
722,1781507195704557568,Right,0,722_rgb.jpg,722_a30.jpg,722_a50.jpg,722_a70.jpg,0.263,297,451,0.882,750,463,0.000,486,645,0.271,816,414
723,1781507195954557568,Left,0,723_rgb.jpg,723_a30.jpg,723_a50.jpg,723_a70.jpg,0.875,296,439,0.059,811,440,0.000,512,645,0.671,529,108
724,1781507196204557568,Left,0,724_rgb.jpg,724_a30.jpg,724_a50.jpg,724_a70.jpg,0.933,309,441,0.051,813,431,0.000,505,645,0.490,276,364
725,1781507196454557568,Teleoperator,1,725_rgb.jpg,725_a30.jpg,725_a50.jpg,725_a70.jpg,0.184,311,447,0.012,815,436,0.329,531,833,0.094,277,378
726,1781507196704557568,Teleoperator,1,726_rgb.jpg,726_a30.jpg,726_a50.jpg,726_a70.jpg,0.000,296,382,0.000,671,390,0.306,530,837,0.000,0,0
727,1781507196954557568,Teleoperator,1,727_rgb.jpg,727_a30.jpg,727_a50.jpg,727_a70.jpg,0.000,296,382,0.000,672,390,0.306,531,837,0.000,0,0
728,1781507197204557568,Teleoperator,1,728_rgb.jpg,728_a30.jpg,728_a50.jpg,728_a70.jpg,0.000,296,382,0.000,671,395,0.310,531,837,0.000,0,0
729,1781507197454557568,Left,0,729_rgb.jpg,729_a30.jpg,729_a50.jpg,729_a70.jpg,0.722,296,444,0.106,784,467,0.000,561,645,0.651,259,421
730,1781507197704557568,Right,0,730_rgb.jpg,730_a30.jpg,730_a50.jpg,730_a70.jpg,0.000,300,390,0.863,716,461,0.000,377,645,0.118,727,380
731,1781507197954557568,Right,0,731_rgb.jpg,731_a30.jpg,731_a50.jpg,731_a70.jpg,0.000,304,398,0.851,715,460,0.000,377,645,0.102,732,379
732,1781507198204557568,Right,0,732_rgb.jpg,732_a30.jpg,732_a50.jpg,732_a70.jpg,0.000,304,398,0.843,716,454,0.000,377,645,0.102,728,369
733,1781507198454557568,Right,0,733_rgb.jpg,733_a30.jpg,733_a50.jpg,733_a70.jpg,0.000,304,398,0.839,716,441,0.000,377,645,0.086,726,353
734,1781507198704557568,Others,0,734_rgb.jpg,734_a30.jpg,734_a50.jpg,734_a70.jpg,0.580,304,430,0.043,747,373,0.000,469,645,0.725,529,105
735,1781507198954557568,Right,0,735_rgb.jpg,735_a30.jpg,735_a50.jpg,735_a70.jpg,0.000,304,398,0.737,732,425,0.000,377,645,0.024,722,320
736,1781507199204557568,Right,0,736_rgb.jpg,736_a30.jpg,736_a50.jpg,736_a70.jpg,0.000,306,395,0.761,733,416,0.000,377,645,0.035,728,320
737,1781507199454557568,Right,0,737_rgb.jpg,737_a30.jpg,737_a50.jpg,737_a70.jpg,0.000,306,394,0.839,733,411,0.000,377,645,0.090,713,318
738,1781507199704557568,Right,0,738_rgb.jpg,738_a30.jpg,738_a50.jpg,738_a70.jpg,0.000,306,394,0.835,733,414,0.000,377,645,0.102,730,326
739,1781507199954557568,Right,0,739_rgb.jpg,739_a30.jpg,739_a50.jpg,739_a70.jpg,0.000,306,394,0.863,733,429,0.000,377,645,0.133,749,341
740,1781507200204557568,Right,0,740_rgb.jpg,740_a30.jpg,740_a50.jpg,740_a70.jpg,0.000,306,394,0.796,717,434,0.000,377,645,0.067,732,339
741,1781507200454557568,Right,0,741_rgb.jpg,741_a30.jpg,741_a50.jpg,741_a70.jpg,0.000,306,394,0.757,717,436,0.000,377,645,0.039,698,340
742,1781507200704557568,Left,0,742_rgb.jpg,742_a30.jpg,742_a50.jpg,742_a70.jpg,0.835,345,451,0.047,817,442,0.000,444,645,0.196,360,325
743,1781507200954557568,Left,0,743_rgb.jpg,743_a30.jpg,743_a50.jpg,743_a70.jpg,0.753,345,448,0.016,814,439,0.000,377,645,0.055,379,294
744,1781507201204557568,Left,0,744_rgb.jpg,744_a30.jpg,744_a50.jpg,744_a70.jpg,0.925,328,445,0.000,672,391,0.000,504,645,0.282,322,368
745,1781507201454557568,Left,0,745_rgb.jpg,745_a30.jpg,745_a50.jpg,745_a70.jpg,0.937,311,446,0.000,673,391,0.000,526,645,0.392,290,377
746,1781507201704557568,Left,0,746_rgb.jpg,746_a30.jpg,746_a50.jpg,746_a70.jpg,0.808,306,457,0.047,813,461,0.000,524,645,0.663,529,108
747,1781507201954557568,Left,0,747_rgb.jpg,747_a30.jpg,747_a50.jpg,747_a70.jpg,0.592,308,445,0.000,673,391,0.000,483,645,0.506,244,416
748,1781507202204557568,Left,0,748_rgb.jpg,748_a30.jpg,748_a50.jpg,748_a70.jpg,0.784,314,394,0.000,673,391,0.000,419,645,0.686,312,278
749,1781507202454557568,Left,1,749_rgb.jpg,749_a30.jpg,749_a50.jpg,749_a70.jpg,0.831,314,394,0.000,673,384,0.012,458,645,0.718,308,327
750,1781507202704557568,Others,1,750_rgb.jpg,750_a30.jpg,750_a50.jpg,750_a70.jpg,0.125,306,416,0.000,670,383,0.055,434,645,0.180,254,501
751,1781507202954557568,Teleoperator,1,751_rgb.jpg,751_a30.jpg,751_a50.jpg,751_a70.jpg,0.000,306,391,0.000,671,383,0.216,531,841,0.004,524,99
752,1781507203204557568,Teleoperator,1,752_rgb.jpg,752_a30.jpg,752_a50.jpg,752_a70.jpg,0.000,306,391,0.000,670,391,0.212,530,844,0.000,0,0
753,1781507203454557568,Teleoperator,1,753_rgb.jpg,753_a30.jpg,753_a50.jpg,753_a70.jpg,0.000,306,391,0.000,670,387,0.420,530,840,0.000,0,0
754,1781507203704557568,Left,0,754_rgb.jpg,754_a30.jpg,754_a50.jpg,754_a70.jpg,0.839,306,419,0.008,814,450,0.000,479,645,0.588,219,356
755,1781507203954557568,Left,0,755_rgb.jpg,755_a30.jpg,755_a50.jpg,755_a70.jpg,0.714,305,410,0.008,817,434,0.000,447,645,0.596,210,356
